disable Setup Wizard
deleting all XML config files
download plugins
File containing list of plugins to be downloaded: /var/jenkins_home/plugins.txt
Reading in plugins from /var/jenkins_home/plugins.txt

No directory to download plugins entered. Will use default of /usr/share/jenkins/ref/plugins
Using update center https://updates.jenkins.io/update-center.json from JENKINS_UC environment variable
Using experimental update center https://updates.jenkins.io/experimental/update-center.json from JENKINS_UC_EXPERIMENTAL environment variable
Using incrementals mirror https://repo.jenkins-ci.org/incrementals from JENKINS_INCREMENTALS_REPO_MIRROR environment variable
No CLI option or environment variable set for plugin info, using default of https://updates.jenkins.io/plugin-versions.json
Will use war file: /usr/share/jenkins/jenkins.war

Retrieving update center information
Update center URL: https://updates.jenkins.io/update-center.json?version=2.504.3
Returning cached value for: update-center-2.504.3
Returning cached value for: plugin-versions
Setting checksum for: kubernetes to haMy1kCnsINhNZE2lL6mMsCc6aSJsYAkxuyPbXhYcIc=
Setting checksum for: kubernetes to haMy1kCnsINhNZE2lL6mMsCc6aSJsYAkxuyPbXhYcIc=

kubernetes depends on:
caffeine-api 3.2.0-166.v72a_6d74b_870f
workflow-api 1373.v7b_813f10efa_b_
workflow-cps 4106.v7a_8a_8176d450
workflow-durable-task-step 1405.v1fcd4a_d00096
workflow-step-api 700.v6e45cb_a_5a_a_21
authentication-tokens 1.131.v7199556c3004
bouncycastle-api 2.30.1.80-261.v00c0e2618ec3
cloudbees-folder 6.1023.v4fcb_72152519
credentials-binding 687.v619cb_15e923f
credentials 1415.v831096eb_5534
durable-task 587.v84b_877235b_45
jackson2-api 2.19.0-404.vb_b_0fd2fea_e10
kubernetes-client-api 7.3.1-256.v788a_0b_787114
metrics 4.2.32-476.v5042e1c1edd7
plain-credentials 195.vb_906e9073dee
structs 350.v3b_30f09f2363
variant 70.va_d9f17f859e0
kubernetes-credentials 203.v85b_9836a_f44b_
pipeline-model-extensions 2.2255.v56a_15e805f12
Setting checksum for: caffeine-api to 2V7jSRDlyWVjb8BLth8dTYy2xFeqPDLKlTJD/i098BM=

caffeine-api has no dependencies
Setting checksum for: workflow-api to 9WdyzuZLvm10RKLYUj7dKOq032n7uH/Dbb4E2vsNJrA=

workflow-api depends on:
workflow-step-api 686.v603d058a_e148
scm-api 703.v72ff4b_259600
Setting checksum for: workflow-durable-task-step to saC6H3jbd3ZMOulqW9Rou4abwI6wTWWDZqonHVX1ZMw=

workflow-durable-task-step depends on:
workflow-api 1363.v03f731255494
workflow-step-api 686.v603d058a_e148
workflow-support 944.v5a_859593b_98a_
durable-task 581.v299a_5609d767
scm-api 703.v72ff4b_259600
script-security 1369.v9b_98a_4e95b_2d
structs 338.v848422169819
Setting checksum for: workflow-step-api to IB4w9pcGuYv+gOryTw9zXz9deh4M0GkkPRWj3iIAfkg=

workflow-step-api depends on:
structs 338.v848422169819
Setting checksum for: authentication-tokens to kFWsRe+cqKhLicc0AZ74bgalJrSHrc+pxjIFUM92a00=

authentication-tokens depends on:
credentials 1405.vb_cda_74a_f8974
Setting checksum for: bouncycastle-api to FigdHfJUkFcj7DAHryh4o8YAnyCc1dORiPduj+OBBsA=

bouncycastle-api has no dependencies
Setting checksum for: cloudbees-folder to 7yhV6ydIgpuW4b1Lpi1BQwPiZkvlkN6h4ZUzRGk3LNo=

cloudbees-folder depends on:
ionicons-api 74.v93d5eb_813d5f
credentials 1405.vb_cda_74a_f8974
Setting checksum for: credentials-binding to OlicBnv8IeN5Ly9g76Y6WkbO7csTrysa1LH2MeTzfQ0=

credentials-binding depends on:
workflow-step-api 678.v3ee58b_469476
credentials 1381.v2c3a_12074da_b_
plain-credentials 183.va_de8f1dd5a_2b_
ssh-credentials 343.v884f71d78167
structs 338.v848422169819
Setting checksum for: credentials to oaYdpb75PkBRVP0q+XmM3NA7f2D7CGuVNKdPgXW5wpA=

credentials depends on:
configuration-as-code 1850.va_a_8c31d3158b_
bouncycastle-api 2.30.1.78.1-248.ve27176eb_46cb_
structs 338.v848422169819
Skipping dependency configuration-as-code:1850.va_a_8c31d3158b_ and its sub-dependencies, because there is a higher version defined on the top level - configuration-as-code:1971.vf9280461ea_89
Setting checksum for: durable-task to 9Epdhldn+/izfGjJ9/9fomrnaWR4Tx4uQmrF4ta5ObQ=

durable-task has no dependencies
Setting checksum for: jackson2-api to /o0ihJFQmLQDjpQE1qmA4uWdsq5A6Q4h2GPEio7S6N4=

jackson2-api depends on:
javax-activation-api 1.2.0-7
jaxb 2.3.9-1
json-api 20250107-125.v28b_a_ffa_eb_f01
snakeyaml-api 2.3-123.v13484c65210a_
Setting checksum for: kubernetes-client-api to srwibjV/g2rkZoMBTI3loIG1SVf5h3oxk1swu6BYt3Q=

kubernetes-client-api depends on:
okhttp-api 4.11.0-189.v976fa_d3379d6
bouncycastle-api 2.30.1.80-261.v00c0e2618ec3
jackson2-api 2.19.0-404.vb_b_0fd2fea_e10
Setting checksum for: metrics to TE08sWdQxoHkEKhfr+D8y6KEVG8LvaFHJ1ovLirW588=

metrics depends on:
ionicons-api 88.va_4187cb_eddf1
jackson2-api 2.18.3-402.v74c4eb_f122b_2
variant 70.va_d9f17f859e0
Setting checksum for: plain-credentials to teXjXPk607gYqYORbLzfP3hmaZQQpN+SPmopaOzDpEg=

plain-credentials depends on:
credentials 1408.va_622a_b_f5b_1b_1
Setting checksum for: structs to 40HosG5M4KwNzTM9G/yKWQWLvNxca0oeSuKC+NkM55k=

structs has no dependencies
Setting checksum for: variant to EuIU6mlEaaRGG1WIHstAdK5d+wR5fbwNrTkPb0vHWq8=

variant has no dependencies
Setting checksum for: kubernetes-credentials to g+rRO8yzqgs2igWCVqh6F0vLOluTifwxZZ6TzPPCTjE=

kubernetes-credentials depends on:
apache-httpcomponents-client-4-api 4.5.14-269.vfa_2321039a_83
authentication-tokens 1.131.v7199556c3004
credentials 1415.v831096eb_5534
docker-commons 457.v0f62a_94f11a_3
google-oauth-plugin 1.335.ve6de40e2db_18
jackson2-api 2.19.0-404.vb_b_0fd2fea_e10
kubernetes-client-api 7.3.1-256.v788a_0b_787114
plain-credentials 195.vb_906e9073dee
Setting checksum for: scm-api to 7nIjUWqwEfhDH5PdUP0icYxg7N5Q7v/r8pVVQiHaEMk=

scm-api depends on:
asm-api 9.7.1-97.v4cc844130d97
structs 338.v848422169819
Setting checksum for: workflow-support to X1FbzVH37WnPPTXH6rS2kYiIqPiBpB4/8elcBb4IJEQ=

workflow-support depends on:
caffeine-api 3.1.8-133.v17b_1ff2e0599
workflow-api 1336.vee415d95c521
workflow-step-api 700.v6e45cb_a_5a_a_21
scm-api 698.v8e3b_c788f0a_6
script-security 1369.v9b_98a_4e95b_2d
Setting checksum for: script-security to v3cf2bFP9qbHa1coMrin+lgk6ypuhzkvbrZAIk9UheQ=

script-security depends on:
caffeine-api 3.1.8-133.v17b_1ff2e0599
Setting checksum for: ionicons-api to LW6kClh1cr0Nv2AFDwpsBGjmbxKzXzymXN/OUEQN+m8=

ionicons-api has no dependencies
Setting checksum for: ssh-credentials to QLBhkC8zSuYodjht0/e6VUL1Uypx0RE9zXUNKJ0XuEU=

ssh-credentials depends on:
bouncycastle-api 2.30.1.79-254.vfdb_814e7791e
credentials 1405.vb_cda_74a_f8974
trilead-api 2.147.vb_73cc728a_32e
variant 60.v7290fc0eb_b_cd
Setting checksum for: javax-activation-api to 6W6IxS7fB7oA+0WybMQRp6lfo9RJGqoaXTZjdmWIBWA=

javax-activation-api has no dependencies
Setting checksum for: jaxb to Yu3fd3XltymEGpaXYlzNGlE051TMR2oAmLU7ZOBZHug=

jaxb depends on:
javax-activation-api 1.2.0-7
Setting checksum for: json-api to Ypt5zQWBgL4WqjodxQGnYZE9RbJ2kwzCOgGXu0ME0Ww=

json-api has no dependencies
Setting checksum for: snakeyaml-api to iZXyKefhVY/YSCIp7RMjU8uzJYAJ87nxhF1hfwrBfkI=

snakeyaml-api has no dependencies
Setting checksum for: okhttp-api to 8IzWJccxbZ8s6j6Wi9dXnLylP7VKQlG2r6IGSy7v0Hc=

okhttp-api has no dependencies
Setting checksum for: apache-httpcomponents-client-4-api to zqL2HMcokLli/Ut2fDF3jGyzABW0qHWLTCa2LlHKlTM=

apache-httpcomponents-client-4-api has no dependencies
Setting checksum for: asm-api to lecffF4emLbay0Nx1Ry2xEQ5IuwPiMN0CcNmoeS6N9Q=

asm-api has no dependencies
Setting checksum for: kubernetes to haMy1kCnsINhNZE2lL6mMsCc6aSJsYAkxuyPbXhYcIc=
Setting checksum for: kubernetes to haMy1kCnsINhNZE2lL6mMsCc6aSJsYAkxuyPbXhYcIc=
Setting checksum for: kubernetes to haMy1kCnsINhNZE2lL6mMsCc6aSJsYAkxuyPbXhYcIc=
Setting checksum for: kubernetes to haMy1kCnsINhNZE2lL6mMsCc6aSJsYAkxuyPbXhYcIc=
Setting checksum for: kubernetes to haMy1kCnsINhNZE2lL6mMsCc6aSJsYAkxuyPbXhYcIc=
Setting checksum for: kubernetes to haMy1kCnsINhNZE2lL6mMsCc6aSJsYAkxuyPbXhYcIc=
Setting checksum for: kubernetes to haMy1kCnsINhNZE2lL6mMsCc6aSJsYAkxuyPbXhYcIc=
Setting checksum for: kubernetes to haMy1kCnsINhNZE2lL6mMsCc6aSJsYAkxuyPbXhYcIc=
Setting checksum for: kubernetes to haMy1kCnsINhNZE2lL6mMsCc6aSJsYAkxuyPbXhYcIc=
Setting checksum for: kubernetes to haMy1kCnsINhNZE2lL6mMsCc6aSJsYAkxuyPbXhYcIc=
Setting checksum for: kubernetes to haMy1kCnsINhNZE2lL6mMsCc6aSJsYAkxuyPbXhYcIc=
Setting checksum for: kubernetes to haMy1kCnsINhNZE2lL6mMsCc6aSJsYAkxuyPbXhYcIc=
Setting checksum for: kubernetes to haMy1kCnsINhNZE2lL6mMsCc6aSJsYAkxuyPbXhYcIc=
Setting checksum for: kubernetes to haMy1kCnsINhNZE2lL6mMsCc6aSJsYAkxuyPbXhYcIc=
Setting checksum for: kubernetes to haMy1kCnsINhNZE2lL6mMsCc6aSJsYAkxuyPbXhYcIc=
Setting checksum for: kubernetes to haMy1kCnsINhNZE2lL6mMsCc6aSJsYAkxuyPbXhYcIc=
Setting checksum for: kubernetes to haMy1kCnsINhNZE2lL6mMsCc6aSJsYAkxuyPbXhYcIc=
Setting checksum for: kubernetes to haMy1kCnsINhNZE2lL6mMsCc6aSJsYAkxuyPbXhYcIc=
Setting checksum for: kubernetes to haMy1kCnsINhNZE2lL6mMsCc6aSJsYAkxuyPbXhYcIc=
Setting checksum for: kubernetes to haMy1kCnsINhNZE2lL6mMsCc6aSJsYAkxuyPbXhYcIc=
Setting checksum for: kubernetes to haMy1kCnsINhNZE2lL6mMsCc6aSJsYAkxuyPbXhYcIc=
Setting checksum for: kubernetes to haMy1kCnsINhNZE2lL6mMsCc6aSJsYAkxuyPbXhYcIc=
Setting checksum for: kubernetes to haMy1kCnsINhNZE2lL6mMsCc6aSJsYAkxuyPbXhYcIc=
Setting checksum for: kubernetes to haMy1kCnsINhNZE2lL6mMsCc6aSJsYAkxuyPbXhYcIc=
Setting checksum for: kubernetes to haMy1kCnsINhNZE2lL6mMsCc6aSJsYAkxuyPbXhYcIc=
Setting checksum for: kubernetes to haMy1kCnsINhNZE2lL6mMsCc6aSJsYAkxuyPbXhYcIc=
Setting checksum for: kubernetes to haMy1kCnsINhNZE2lL6mMsCc6aSJsYAkxuyPbXhYcIc=
Setting checksum for: kubernetes to haMy1kCnsINhNZE2lL6mMsCc6aSJsYAkxuyPbXhYcIc=
Setting checksum for: kubernetes to haMy1kCnsINhNZE2lL6mMsCc6aSJsYAkxuyPbXhYcIc=
Setting checksum for: kubernetes to haMy1kCnsINhNZE2lL6mMsCc6aSJsYAkxuyPbXhYcIc=
Setting checksum for: kubernetes to haMy1kCnsINhNZE2lL6mMsCc6aSJsYAkxuyPbXhYcIc=
Setting checksum for: kubernetes to haMy1kCnsINhNZE2lL6mMsCc6aSJsYAkxuyPbXhYcIc=
Setting checksum for: kubernetes to haMy1kCnsINhNZE2lL6mMsCc6aSJsYAkxuyPbXhYcIc=
Setting checksum for: kubernetes to haMy1kCnsINhNZE2lL6mMsCc6aSJsYAkxuyPbXhYcIc=
Setting checksum for: kubernetes to haMy1kCnsINhNZE2lL6mMsCc6aSJsYAkxuyPbXhYcIc=
Setting checksum for: workflow-aggregator to e5QifBr6AbsmLBSRmtSjM0EvG1HZR8DyGQnsLa/zV9w=
Setting checksum for: workflow-aggregator to e5QifBr6AbsmLBSRmtSjM0EvG1HZR8DyGQnsLa/zV9w=

workflow-aggregator depends on:
pipeline-groovy-lib 744.v5b_556ee7c253
workflow-basic-steps 1058.vcb_fc1e3a_21a_9
workflow-cps 4002.v80ca_d0f47d7f
workflow-durable-task-step 1398.vf6c9e89e5988
workflow-job 1472.ve4d5eca_143c4
workflow-multibranch 795.ve0cb_1f45ca_9a_
pipeline-build-step 540.vb_e8849e1a_b_d8
pipeline-input-step 495.ve9c153f6067b_
pipeline-milestone-step 119.vdfdc43fc3b_9a_
pipeline-stage-step 312.v8cd10304c27a_
pipeline-model-definition 2.2218.v56d0cda_37c72
Setting checksum for: pipeline-groovy-lib to 7RUNCNrNZ6vuu5CpmW7OuOJhDdtUSt/VcUjQcp65l9w=

pipeline-groovy-lib depends on:
workflow-api 1336.vee415d95c521
workflow-cps 4007.vd705fc76a_34e
workflow-multibranch 795.ve0cb_1f45ca_9a_
workflow-scm-step 427.v4ca_6512e7df1
workflow-step-api 678.v3ee58b_469476
branch-api 2.1206.vd9f35001c95c
cloudbees-folder 6.976.v4dc79fb_c458d
scm-api 698.v8e3b_c788f0a_6
script-security 1369.v9b_98a_4e95b_2d
structs 338.v848422169819
variant 60.v7290fc0eb_b_cd
Setting checksum for: workflow-basic-steps to ShLB3liVMY94rwtUfyBAWnne5iygX8PdbOUsR5xdEYI=

workflow-basic-steps depends on:
jakarta-mail-api 2.1.3-1
workflow-api 1336.vee415d95c521
workflow-durable-task-step 1398.vf6c9e89e5988
workflow-step-api 686.v603d058a_e148
apache-httpcomponents-client-4-api 4.5.14-208.v438351942757
mailer 489.vd4b_25144138f
structs 338.v848422169819
Setting checksum for: workflow-cps to opiKbB4b3u8bNjnJMjkKWu6i0pkjj2bbsAgKXY7JRiw=

workflow-cps depends on:
ionicons-api 82.v0597178874e1
workflow-api 1366.vf1fb_e1a_f6b_22
workflow-scm-step 437.v05a_f66b_e5ef8
workflow-step-api 700.v6e45cb_a_5a_a_21
workflow-support 963.va_600813d04a_a_
scm-api 704.v3ce5c542825a_
script-security 1373.vb_b_4a_a_c26fa_00
structs 343.vdcf37b_a_c81d5
support-core 1671.v1a_d55b_86706a_
Version of script-security (1369.v9b_98a_4e95b_2d) required by pipeline-groovy-lib (752.vdddedf804e72) is lower than the version required (1373.vb_b_4a_a_c26fa_00) by workflow-cps (4150.ve20ca_b_a_a_2815), upgrading required plugin version
Version of structs (338.v848422169819) required by pipeline-groovy-lib (752.vdddedf804e72) is lower than the version required (343.vdcf37b_a_c81d5) by workflow-cps (4150.ve20ca_b_a_a_2815), upgrading required plugin version
Setting checksum for: workflow-durable-task-step to saC6H3jbd3ZMOulqW9Rou4abwI6wTWWDZqonHVX1ZMw=

workflow-durable-task-step depends on:
workflow-api 1363.v03f731255494
workflow-step-api 686.v603d058a_e148
workflow-support 944.v5a_859593b_98a_
durable-task 581.v299a_5609d767
scm-api 703.v72ff4b_259600
script-security 1369.v9b_98a_4e95b_2d
structs 338.v848422169819
Setting checksum for: workflow-job to fM/ajlgBwJmRHx3ReM/yRZFZyn2nyJgTppedKdqpJ7E=

workflow-job depends on:
ionicons-api 74.v93d5eb_813d5f
workflow-api 1363.v03f731255494
workflow-step-api 686.v603d058a_e148
workflow-support 944.v5a_859593b_98a_
Setting checksum for: workflow-multibranch to ZHBYzdL9zCilOdjzY04laBNtSdy6zApnc9+jngoGNb4=

workflow-multibranch depends on:
ionicons-api 74.v93d5eb_813d5f
workflow-api 1363.v03f731255494
workflow-cps 4014.vcd7dc51d8b_30
workflow-job 1498.v33a_0c6f3a_4b_4
workflow-scm-step 427.v4ca_6512e7df1
workflow-step-api 686.v603d058a_e148
workflow-support 944.v5a_859593b_98a_
branch-api 2.1208.vf528356feca_4
cloudbees-folder 6.980.v5a_cc0cb_25881
scm-api 703.v72ff4b_259600
script-security 1369.v9b_98a_4e95b_2d
Setting checksum for: pipeline-build-step to F81CtKYJ06lk+SMY0Mnl5L3nAFgM2Qptf+/RalsqP3k=

pipeline-build-step depends on:
workflow-api 1363.v03f731255494
workflow-step-api 686.v603d058a_e148
workflow-support 944.v5a_859593b_98a_
script-security 1369.v9b_98a_4e95b_2d
structs 338.v848422169819
Setting checksum for: pipeline-input-step to +C8Sx8LY0Cv+0otdg9r0z8GqX6dGqWuWljz4y5TjCYw=

pipeline-input-step depends on:
workflow-api 1336.vee415d95c521
workflow-step-api 678.v3ee58b_469476
workflow-support 936.v9fa_77211ca_e1
credentials 1405.vb_cda_74a_f8974
structs 338.v848422169819
Setting checksum for: pipeline-milestone-step to B09/s3piUi3xA4z0NkPobRhb3KQ1I4XmeHma9NtbxNE=

pipeline-milestone-step depends on:
workflow-api 1363.v03f731255494
workflow-step-api 686.v603d058a_e148
Setting checksum for: pipeline-stage-step to 5O1kOP9gcxVrxCadNiEps0CZoNp/Krsnmy4559wKdco=

pipeline-stage-step depends on:
workflow-api 1336.vee415d95c521
workflow-step-api 678.v3ee58b_469476
Setting checksum for: pipeline-model-definition to XZcifQCBzK/TWBXEN+mRPaI966dt09dzD1tkPzyUNp8=

pipeline-model-definition depends on:
ionicons-api 74.v93d5eb_813d5f
pipeline-groovy-lib 752.vdddedf804e72
workflow-api 1363.v03f731255494
workflow-basic-steps 1079.vce64b_a_929c5a_
workflow-cps 4018.vf02e01888da_f
workflow-durable-task-step 1405.v1fcd4a_d00096
workflow-multibranch 800.v5f0a_a_660950e
workflow-scm-step 427.v4ca_6512e7df1
workflow-support 946.v2a_79d8a_4b_e14
credentials-binding 687.v619cb_15e923f
credentials 1408.va_622a_b_f5b_1b_1
mailer 489.vd4b_25144138f
pipeline-input-step 513.v7eb_fe7e2c0fc
pipeline-stage-step 312.v8cd10304c27a_
scm-api 703.v72ff4b_259600
structs 338.v848422169819
pipeline-model-api 2.2255.v56a_15e805f12
pipeline-model-extensions 2.2255.v56a_15e805f12
pipeline-stage-tags-metadata 2.2255.v56a_15e805f12
Version of credentials (1405.vb_cda_74a_f8974) required by pipeline-input-step (527.vd61b_1d3c5078) is lower than the version required (1408.va_622a_b_f5b_1b_1) by pipeline-model-definition (2.2255.v56a_15e805f12), upgrading required plugin version
Setting checksum for: workflow-api to 9WdyzuZLvm10RKLYUj7dKOq032n7uH/Dbb4E2vsNJrA=

workflow-api depends on:
workflow-step-api 686.v603d058a_e148
scm-api 703.v72ff4b_259600
Setting checksum for: workflow-scm-step to cv6cuZ9I0NEjOygShZGZWSM7e2D6xirzOhE3MlojUBY=

workflow-scm-step depends on:
workflow-step-api 678.v3ee58b_469476
Setting checksum for: workflow-step-api to IB4w9pcGuYv+gOryTw9zXz9deh4M0GkkPRWj3iIAfkg=

workflow-step-api depends on:
structs 338.v848422169819
Setting checksum for: cloudbees-folder to 7yhV6ydIgpuW4b1Lpi1BQwPiZkvlkN6h4ZUzRGk3LNo=

cloudbees-folder depends on:
ionicons-api 74.v93d5eb_813d5f
credentials 1405.vb_cda_74a_f8974
Setting checksum for: scm-api to 7nIjUWqwEfhDH5PdUP0icYxg7N5Q7v/r8pVVQiHaEMk=

scm-api depends on:
asm-api 9.7.1-97.v4cc844130d97
structs 338.v848422169819
Setting checksum for: script-security to v3cf2bFP9qbHa1coMrin+lgk6ypuhzkvbrZAIk9UheQ=

script-security depends on:
caffeine-api 3.1.8-133.v17b_1ff2e0599
Setting checksum for: structs to fK6BGjl4j1ipVHdGMfCiedS/XjJnKDcmioU4Imeor2Y=

structs has no dependencies
Setting checksum for: variant to EuIU6mlEaaRGG1WIHstAdK5d+wR5fbwNrTkPb0vHWq8=

variant has no dependencies
Setting checksum for: jakarta-mail-api to he0ykl2eSspPfiO3PGHHyaZDoKzPF/m98/QjhSF+NMI=

jakarta-mail-api depends on:
jakarta-activation-api 2.1.3-1
Setting checksum for: apache-httpcomponents-client-4-api to zqL2HMcokLli/Ut2fDF3jGyzABW0qHWLTCa2LlHKlTM=

apache-httpcomponents-client-4-api has no dependencies
Setting checksum for: mailer to 791vHTM1kCslsd+az/CA+lnWCGh9eC8VKZEKeme9/u4=

mailer depends on:
jakarta-mail-api 2.1.3-2
instance-identity 203.v15e81a_1b_7a_38
display-url-api 2.209.v582ed814ff2f
Setting checksum for: ionicons-api to LW6kClh1cr0Nv2AFDwpsBGjmbxKzXzymXN/OUEQN+m8=

ionicons-api has no dependencies
Setting checksum for: workflow-support to X1FbzVH37WnPPTXH6rS2kYiIqPiBpB4/8elcBb4IJEQ=

workflow-support depends on:
caffeine-api 3.1.8-133.v17b_1ff2e0599
workflow-api 1336.vee415d95c521
workflow-step-api 700.v6e45cb_a_5a_a_21
scm-api 698.v8e3b_c788f0a_6
script-security 1369.v9b_98a_4e95b_2d
Setting checksum for: script-security to cZn+YhJLFXdllTMbyv4/TD1IKTpTXf2q9E328bXvxCc=

script-security depends on:
caffeine-api 3.1.8-133.v17b_1ff2e0599
Setting checksum for: structs to EHCMMPZSrOJDqwQB85E5xRqHCt2nbtczh6wHLu1hQos=

structs has no dependencies
Setting checksum for: durable-task to 9Epdhldn+/izfGjJ9/9fomrnaWR4Tx4uQmrF4ta5ObQ=

durable-task has no dependencies
Setting checksum for: credentials to +q9V6HNZc7g1stRThcjthZgPHROYMqc0MmUqcU0Wx+E=

credentials depends on:
configuration-as-code 1850.va_a_8c31d3158b_
bouncycastle-api 2.30.1.78.1-248.ve27176eb_46cb_
structs 338.v848422169819
Skipping dependency configuration-as-code:1850.va_a_8c31d3158b_ and its sub-dependencies, because there is a higher version defined on the top level - configuration-as-code:1971.vf9280461ea_89
Setting checksum for: credentials-binding to OlicBnv8IeN5Ly9g76Y6WkbO7csTrysa1LH2MeTzfQ0=

credentials-binding depends on:
workflow-step-api 678.v3ee58b_469476
credentials 1381.v2c3a_12074da_b_
plain-credentials 183.va_de8f1dd5a_2b_
ssh-credentials 343.v884f71d78167
structs 338.v848422169819
Setting checksum for: credentials to MlXgi+cUoieuAjuTdGuWgBr5eX/+iBvQ5uz/gTho9vw=

credentials depends on:
configuration-as-code 1850.va_a_8c31d3158b_
bouncycastle-api 2.30.1.78.1-248.ve27176eb_46cb_
structs 338.v848422169819
Skipping dependency configuration-as-code:1850.va_a_8c31d3158b_ and its sub-dependencies, because there is a higher version defined on the top level - configuration-as-code:1971.vf9280461ea_89
Setting checksum for: pipeline-model-api to HfLThqsFF5ZqSpA+Mvz5Um9+4iszGp3noFlbAbmE5Js=

pipeline-model-api depends on:
joda-time-api 2.13.1-115.va_6b_5f8efb_1d8
workflow-step-api 686.v603d058a_e148
jackson2-api 2.17.0-389.va_5c7e45cd806
structs 338.v848422169819
Setting checksum for: pipeline-model-extensions to LNv4Jmw3cOOvr/Cz/sQNjkm2AKsXBhpHbe+23uaMgeM=

pipeline-model-extensions depends on:
workflow-cps 4018.vf02e01888da_f
workflow-job 1505.vea_4b_20a_4a_495
credentials-binding 687.v619cb_15e923f
credentials 1408.va_622a_b_f5b_1b_1
pipeline-stage-step 312.v8cd10304c27a_
pipeline-model-api 2.2255.v56a_15e805f12
Setting checksum for: pipeline-stage-tags-metadata to mCGalU0sGEat6CMmmw2ahAJPptLGyhvbt4j2CZhkVWw=

pipeline-stage-tags-metadata depends on:
workflow-api 1363.v03f731255494
Setting checksum for: asm-api to lecffF4emLbay0Nx1Ry2xEQ5IuwPiMN0CcNmoeS6N9Q=

asm-api has no dependencies
Setting checksum for: caffeine-api to 2V7jSRDlyWVjb8BLth8dTYy2xFeqPDLKlTJD/i098BM=

caffeine-api has no dependencies
Setting checksum for: jakarta-activation-api to eEiHqVSG39w3wx+3pnU5/S7VX89fDRPM8wBIjit3Z1M=

jakarta-activation-api has no dependencies
Setting checksum for: instance-identity to 3ysyBaYXckjxKylGUKYEBfZbos1QPKlZmy3LcsHeUBg=

instance-identity depends on:
bouncycastle-api 2.30.1.80-256.vf98926042a_9b_
Setting checksum for: display-url-api to QTB1+Vu5N2lwil1NZgykVPEABfEK8m9SE/eI6XUOaCU=

display-url-api has no dependencies
Setting checksum for: bouncycastle-api to FigdHfJUkFcj7DAHryh4o8YAnyCc1dORiPduj+OBBsA=

bouncycastle-api has no dependencies
Setting checksum for: plain-credentials to teXjXPk607gYqYORbLzfP3hmaZQQpN+SPmopaOzDpEg=

plain-credentials depends on:
credentials 1408.va_622a_b_f5b_1b_1
Setting checksum for: ssh-credentials to QLBhkC8zSuYodjht0/e6VUL1Uypx0RE9zXUNKJ0XuEU=

ssh-credentials depends on:
bouncycastle-api 2.30.1.79-254.vfdb_814e7791e
credentials 1405.vb_cda_74a_f8974
trilead-api 2.147.vb_73cc728a_32e
variant 60.v7290fc0eb_b_cd
Setting checksum for: joda-time-api to wnOJj7YnoTdD57bjexPZEbPsN6j/71FbIYQJoPtUsFw=

joda-time-api has no dependencies
Setting checksum for: jackson2-api to /o0ihJFQmLQDjpQE1qmA4uWdsq5A6Q4h2GPEio7S6N4=

jackson2-api depends on:
javax-activation-api 1.2.0-7
jaxb 2.3.9-1
json-api 20250107-125.v28b_a_ffa_eb_f01
snakeyaml-api 2.3-123.v13484c65210a_
Setting checksum for: javax-activation-api to 6W6IxS7fB7oA+0WybMQRp6lfo9RJGqoaXTZjdmWIBWA=

javax-activation-api has no dependencies
Setting checksum for: jaxb to Yu3fd3XltymEGpaXYlzNGlE051TMR2oAmLU7ZOBZHug=

jaxb depends on:
javax-activation-api 1.2.0-7
Setting checksum for: json-api to Ypt5zQWBgL4WqjodxQGnYZE9RbJ2kwzCOgGXu0ME0Ww=

json-api has no dependencies
Setting checksum for: snakeyaml-api to iZXyKefhVY/YSCIp7RMjU8uzJYAJ87nxhF1hfwrBfkI=

snakeyaml-api has no dependencies
Setting checksum for: workflow-aggregator to e5QifBr6AbsmLBSRmtSjM0EvG1HZR8DyGQnsLa/zV9w=
Setting checksum for: workflow-aggregator to e5QifBr6AbsmLBSRmtSjM0EvG1HZR8DyGQnsLa/zV9w=
Setting checksum for: workflow-aggregator to e5QifBr6AbsmLBSRmtSjM0EvG1HZR8DyGQnsLa/zV9w=
Setting checksum for: workflow-aggregator to e5QifBr6AbsmLBSRmtSjM0EvG1HZR8DyGQnsLa/zV9w=
Setting checksum for: workflow-aggregator to e5QifBr6AbsmLBSRmtSjM0EvG1HZR8DyGQnsLa/zV9w=
Setting checksum for: workflow-aggregator to e5QifBr6AbsmLBSRmtSjM0EvG1HZR8DyGQnsLa/zV9w=
Setting checksum for: workflow-aggregator to e5QifBr6AbsmLBSRmtSjM0EvG1HZR8DyGQnsLa/zV9w=
Setting checksum for: workflow-aggregator to e5QifBr6AbsmLBSRmtSjM0EvG1HZR8DyGQnsLa/zV9w=
Setting checksum for: workflow-aggregator to e5QifBr6AbsmLBSRmtSjM0EvG1HZR8DyGQnsLa/zV9w=
Setting checksum for: workflow-aggregator to e5QifBr6AbsmLBSRmtSjM0EvG1HZR8DyGQnsLa/zV9w=
Setting checksum for: workflow-aggregator to e5QifBr6AbsmLBSRmtSjM0EvG1HZR8DyGQnsLa/zV9w=
Setting checksum for: workflow-aggregator to e5QifBr6AbsmLBSRmtSjM0EvG1HZR8DyGQnsLa/zV9w=
Setting checksum for: workflow-aggregator to e5QifBr6AbsmLBSRmtSjM0EvG1HZR8DyGQnsLa/zV9w=
Setting checksum for: workflow-aggregator to e5QifBr6AbsmLBSRmtSjM0EvG1HZR8DyGQnsLa/zV9w=
Setting checksum for: workflow-aggregator to e5QifBr6AbsmLBSRmtSjM0EvG1HZR8DyGQnsLa/zV9w=
Setting checksum for: workflow-aggregator to e5QifBr6AbsmLBSRmtSjM0EvG1HZR8DyGQnsLa/zV9w=
Setting checksum for: workflow-aggregator to e5QifBr6AbsmLBSRmtSjM0EvG1HZR8DyGQnsLa/zV9w=
Setting checksum for: workflow-aggregator to e5QifBr6AbsmLBSRmtSjM0EvG1HZR8DyGQnsLa/zV9w=
Setting checksum for: workflow-aggregator to e5QifBr6AbsmLBSRmtSjM0EvG1HZR8DyGQnsLa/zV9w=
Setting checksum for: workflow-aggregator to e5QifBr6AbsmLBSRmtSjM0EvG1HZR8DyGQnsLa/zV9w=
Setting checksum for: workflow-aggregator to e5QifBr6AbsmLBSRmtSjM0EvG1HZR8DyGQnsLa/zV9w=
Setting checksum for: workflow-aggregator to e5QifBr6AbsmLBSRmtSjM0EvG1HZR8DyGQnsLa/zV9w=
Setting checksum for: workflow-aggregator to e5QifBr6AbsmLBSRmtSjM0EvG1HZR8DyGQnsLa/zV9w=
Setting checksum for: workflow-aggregator to e5QifBr6AbsmLBSRmtSjM0EvG1HZR8DyGQnsLa/zV9w=
Setting checksum for: workflow-aggregator to e5QifBr6AbsmLBSRmtSjM0EvG1HZR8DyGQnsLa/zV9w=
Setting checksum for: workflow-aggregator to e5QifBr6AbsmLBSRmtSjM0EvG1HZR8DyGQnsLa/zV9w=
Setting checksum for: workflow-aggregator to e5QifBr6AbsmLBSRmtSjM0EvG1HZR8DyGQnsLa/zV9w=
Setting checksum for: workflow-aggregator to e5QifBr6AbsmLBSRmtSjM0EvG1HZR8DyGQnsLa/zV9w=
Setting checksum for: workflow-aggregator to e5QifBr6AbsmLBSRmtSjM0EvG1HZR8DyGQnsLa/zV9w=
Setting checksum for: workflow-aggregator to e5QifBr6AbsmLBSRmtSjM0EvG1HZR8DyGQnsLa/zV9w=
Setting checksum for: workflow-aggregator to e5QifBr6AbsmLBSRmtSjM0EvG1HZR8DyGQnsLa/zV9w=
Setting checksum for: workflow-aggregator to e5QifBr6AbsmLBSRmtSjM0EvG1HZR8DyGQnsLa/zV9w=
Setting checksum for: workflow-aggregator to e5QifBr6AbsmLBSRmtSjM0EvG1HZR8DyGQnsLa/zV9w=
Setting checksum for: workflow-aggregator to e5QifBr6AbsmLBSRmtSjM0EvG1HZR8DyGQnsLa/zV9w=
Setting checksum for: workflow-aggregator to e5QifBr6AbsmLBSRmtSjM0EvG1HZR8DyGQnsLa/zV9w=
Setting checksum for: workflow-aggregator to e5QifBr6AbsmLBSRmtSjM0EvG1HZR8DyGQnsLa/zV9w=
Setting checksum for: workflow-aggregator to e5QifBr6AbsmLBSRmtSjM0EvG1HZR8DyGQnsLa/zV9w=
Setting checksum for: workflow-aggregator to e5QifBr6AbsmLBSRmtSjM0EvG1HZR8DyGQnsLa/zV9w=
Setting checksum for: workflow-aggregator to e5QifBr6AbsmLBSRmtSjM0EvG1HZR8DyGQnsLa/zV9w=
Setting checksum for: workflow-aggregator to e5QifBr6AbsmLBSRmtSjM0EvG1HZR8DyGQnsLa/zV9w=
Setting checksum for: workflow-aggregator to e5QifBr6AbsmLBSRmtSjM0EvG1HZR8DyGQnsLa/zV9w=
Setting checksum for: workflow-aggregator to e5QifBr6AbsmLBSRmtSjM0EvG1HZR8DyGQnsLa/zV9w=
Setting checksum for: workflow-aggregator to e5QifBr6AbsmLBSRmtSjM0EvG1HZR8DyGQnsLa/zV9w=
Setting checksum for: workflow-aggregator to e5QifBr6AbsmLBSRmtSjM0EvG1HZR8DyGQnsLa/zV9w=
Setting checksum for: workflow-aggregator to e5QifBr6AbsmLBSRmtSjM0EvG1HZR8DyGQnsLa/zV9w=
Setting checksum for: workflow-aggregator to e5QifBr6AbsmLBSRmtSjM0EvG1HZR8DyGQnsLa/zV9w=
Setting checksum for: workflow-aggregator to e5QifBr6AbsmLBSRmtSjM0EvG1HZR8DyGQnsLa/zV9w=
Setting checksum for: workflow-aggregator to e5QifBr6AbsmLBSRmtSjM0EvG1HZR8DyGQnsLa/zV9w=
Setting checksum for: git to IPcSG3z9odMbDER7PjWY3J5fBP1f5+nnhBIqSWwuXOo=
Setting checksum for: git to IPcSG3z9odMbDER7PjWY3J5fBP1f5+nnhBIqSWwuXOo=

git depends on:
configuration-as-code 1903.v004d55388f30
workflow-scm-step 427.v4ca_6512e7df1
workflow-step-api 678.v3ee58b_469476
credentials-binding 687.v619cb_15e923f
credentials 1405.vb_cda_74a_f8974
git-client 6.1.0
mailer 489.vd4b_25144138f
matrix-project 822.824.v14451b_c0fd42
parameterized-trigger 806.vf6fff3e28c3e
promoted-builds 965.vcda_c6a_e0998f
scm-api 698.v8e3b_c788f0a_6
script-security 1369.v9b_98a_4e95b_2d
ssh-credentials 349.vb_8b_6b_9709f5b_
structs 338.v848422169819
token-macro 400.v35420b_922dcb_
Skipping dependency configuration-as-code:1903.v004d55388f30 and its sub-dependencies, because there is a higher version defined on the top level - configuration-as-code:1971.vf9280461ea_89
Setting checksum for: workflow-scm-step to cv6cuZ9I0NEjOygShZGZWSM7e2D6xirzOhE3MlojUBY=

workflow-scm-step depends on:
workflow-step-api 678.v3ee58b_469476
Setting checksum for: workflow-step-api to IB4w9pcGuYv+gOryTw9zXz9deh4M0GkkPRWj3iIAfkg=

workflow-step-api depends on:
structs 338.v848422169819
Setting checksum for: credentials-binding to OlicBnv8IeN5Ly9g76Y6WkbO7csTrysa1LH2MeTzfQ0=

credentials-binding depends on:
workflow-step-api 678.v3ee58b_469476
credentials 1381.v2c3a_12074da_b_
plain-credentials 183.va_de8f1dd5a_2b_
ssh-credentials 343.v884f71d78167
structs 338.v848422169819
Setting checksum for: credentials to +q9V6HNZc7g1stRThcjthZgPHROYMqc0MmUqcU0Wx+E=

credentials depends on:
configuration-as-code 1850.va_a_8c31d3158b_
bouncycastle-api 2.30.1.78.1-248.ve27176eb_46cb_
structs 338.v848422169819
Skipping dependency configuration-as-code:1850.va_a_8c31d3158b_ and its sub-dependencies, because there is a higher version defined on the top level - configuration-as-code:1971.vf9280461ea_89
Setting checksum for: git-client to VWGT2cD6cWO8j36l9Fu8crnKWj/cmiUFEO/uOGbfcnk=

git-client depends on:
mina-sshd-api-common 2.15.0-161.vb_200831a_c15b_
mina-sshd-api-core 2.15.0-161.vb_200831a_c15b_
gson-api 2.13.1-139.v4569c2ef303f
configuration-as-code 1963.v24e046127a_3f
apache-httpcomponents-client-4-api 4.5.14-269.vfa_2321039a_83
credentials 1415.v831096eb_5534
script-security 1373.vb_b_4a_a_c26fa_00
ssh-credentials 355.v9b_e5b_cde5003
structs 350.v3b_30f09f2363
Skipping dependency configuration-as-code:1963.v24e046127a_3f and its sub-dependencies, because there is a higher version defined on the top level - configuration-as-code:1971.vf9280461ea_89
Version of credentials (1405.vb_cda_74a_f8974) required by git (5.7.0) is lower than the version required (1415.v831096eb_5534) by git-client (6.2.0), upgrading required plugin version
Version of script-security (1369.v9b_98a_4e95b_2d) required by git (5.7.0) is lower than the version required (1373.vb_b_4a_a_c26fa_00) by git-client (6.2.0), upgrading required plugin version
Version of structs (338.v848422169819) required by git (5.7.0) is lower than the version required (350.v3b_30f09f2363) by git-client (6.2.0), upgrading required plugin version
Setting checksum for: mailer to 791vHTM1kCslsd+az/CA+lnWCGh9eC8VKZEKeme9/u4=

mailer depends on:
jakarta-mail-api 2.1.3-2
instance-identity 203.v15e81a_1b_7a_38
display-url-api 2.209.v582ed814ff2f
Setting checksum for: scm-api to 7nIjUWqwEfhDH5PdUP0icYxg7N5Q7v/r8pVVQiHaEMk=

scm-api depends on:
asm-api 9.7.1-97.v4cc844130d97
structs 338.v848422169819
Setting checksum for: script-security to v3cf2bFP9qbHa1coMrin+lgk6ypuhzkvbrZAIk9UheQ=

script-security depends on:
caffeine-api 3.1.8-133.v17b_1ff2e0599
Setting checksum for: ssh-credentials to QLBhkC8zSuYodjht0/e6VUL1Uypx0RE9zXUNKJ0XuEU=

ssh-credentials depends on:
bouncycastle-api 2.30.1.79-254.vfdb_814e7791e
credentials 1405.vb_cda_74a_f8974
trilead-api 2.147.vb_73cc728a_32e
variant 60.v7290fc0eb_b_cd
Setting checksum for: structs to fK6BGjl4j1ipVHdGMfCiedS/XjJnKDcmioU4Imeor2Y=

structs has no dependencies
Setting checksum for: plain-credentials to teXjXPk607gYqYORbLzfP3hmaZQQpN+SPmopaOzDpEg=

plain-credentials depends on:
credentials 1408.va_622a_b_f5b_1b_1
Setting checksum for: bouncycastle-api to FigdHfJUkFcj7DAHryh4o8YAnyCc1dORiPduj+OBBsA=

bouncycastle-api has no dependencies
Setting checksum for: mina-sshd-api-common to yMe4DDz9amq0Dv//GdL0MzjuEjRfUXdMQ7lii+QlaWA=

mina-sshd-api-common depends on:
eddsa-api 0.3.0.1-19.vc432d923e5ee
bouncycastle-api 2.30.1.80-256.vf98926042a_9b_
Setting checksum for: mina-sshd-api-core to TlWUTNo3ZY1pIhV0DIQoUNEbS673m1qpvLQIW2a6Glk=

mina-sshd-api-core depends on:
mina-sshd-api-common 2.15.0-161.vb_200831a_c15b_
ssh-credentials 355.v9b_e5b_cde5003
Setting checksum for: gson-api to MkMwrHA6JvJJGBZskoZMACPWpgo5ghvcS0yY6qdQ5Gc=

gson-api has no dependencies
Setting checksum for: apache-httpcomponents-client-4-api to zqL2HMcokLli/Ut2fDF3jGyzABW0qHWLTCa2LlHKlTM=

apache-httpcomponents-client-4-api has no dependencies
Setting checksum for: credentials to oaYdpb75PkBRVP0q+XmM3NA7f2D7CGuVNKdPgXW5wpA=

credentials depends on:
configuration-as-code 1850.va_a_8c31d3158b_
bouncycastle-api 2.30.1.78.1-248.ve27176eb_46cb_
structs 338.v848422169819
Skipping dependency configuration-as-code:1850.va_a_8c31d3158b_ and its sub-dependencies, because there is a higher version defined on the top level - configuration-as-code:1971.vf9280461ea_89
Setting checksum for: script-security to cZn+YhJLFXdllTMbyv4/TD1IKTpTXf2q9E328bXvxCc=

script-security depends on:
caffeine-api 3.1.8-133.v17b_1ff2e0599
Setting checksum for: structs to 40HosG5M4KwNzTM9G/yKWQWLvNxca0oeSuKC+NkM55k=

structs has no dependencies
Setting checksum for: jakarta-mail-api to he0ykl2eSspPfiO3PGHHyaZDoKzPF/m98/QjhSF+NMI=

jakarta-mail-api depends on:
jakarta-activation-api 2.1.3-1
Setting checksum for: instance-identity to 3ysyBaYXckjxKylGUKYEBfZbos1QPKlZmy3LcsHeUBg=

instance-identity depends on:
bouncycastle-api 2.30.1.80-256.vf98926042a_9b_
Setting checksum for: display-url-api to QTB1+Vu5N2lwil1NZgykVPEABfEK8m9SE/eI6XUOaCU=

display-url-api has no dependencies
Setting checksum for: asm-api to lecffF4emLbay0Nx1Ry2xEQ5IuwPiMN0CcNmoeS6N9Q=

asm-api has no dependencies
Setting checksum for: caffeine-api to 2V7jSRDlyWVjb8BLth8dTYy2xFeqPDLKlTJD/i098BM=

caffeine-api has no dependencies
Setting checksum for: variant to EuIU6mlEaaRGG1WIHstAdK5d+wR5fbwNrTkPb0vHWq8=

variant has no dependencies
Setting checksum for: jakarta-activation-api to eEiHqVSG39w3wx+3pnU5/S7VX89fDRPM8wBIjit3Z1M=

jakarta-activation-api has no dependencies
Setting checksum for: git to IPcSG3z9odMbDER7PjWY3J5fBP1f5+nnhBIqSWwuXOo=
Setting checksum for: git to IPcSG3z9odMbDER7PjWY3J5fBP1f5+nnhBIqSWwuXOo=
Setting checksum for: git to IPcSG3z9odMbDER7PjWY3J5fBP1f5+nnhBIqSWwuXOo=
Setting checksum for: git to IPcSG3z9odMbDER7PjWY3J5fBP1f5+nnhBIqSWwuXOo=
Setting checksum for: git to IPcSG3z9odMbDER7PjWY3J5fBP1f5+nnhBIqSWwuXOo=
Setting checksum for: git to IPcSG3z9odMbDER7PjWY3J5fBP1f5+nnhBIqSWwuXOo=
Setting checksum for: git to IPcSG3z9odMbDER7PjWY3J5fBP1f5+nnhBIqSWwuXOo=
Setting checksum for: git to IPcSG3z9odMbDER7PjWY3J5fBP1f5+nnhBIqSWwuXOo=
Setting checksum for: git to IPcSG3z9odMbDER7PjWY3J5fBP1f5+nnhBIqSWwuXOo=
Setting checksum for: git to IPcSG3z9odMbDER7PjWY3J5fBP1f5+nnhBIqSWwuXOo=
Setting checksum for: git to IPcSG3z9odMbDER7PjWY3J5fBP1f5+nnhBIqSWwuXOo=
Setting checksum for: git to IPcSG3z9odMbDER7PjWY3J5fBP1f5+nnhBIqSWwuXOo=
Setting checksum for: git to IPcSG3z9odMbDER7PjWY3J5fBP1f5+nnhBIqSWwuXOo=
Setting checksum for: git to IPcSG3z9odMbDER7PjWY3J5fBP1f5+nnhBIqSWwuXOo=
Setting checksum for: git to IPcSG3z9odMbDER7PjWY3J5fBP1f5+nnhBIqSWwuXOo=
Setting checksum for: git to IPcSG3z9odMbDER7PjWY3J5fBP1f5+nnhBIqSWwuXOo=
Setting checksum for: git to IPcSG3z9odMbDER7PjWY3J5fBP1f5+nnhBIqSWwuXOo=
Setting checksum for: git to IPcSG3z9odMbDER7PjWY3J5fBP1f5+nnhBIqSWwuXOo=
Setting checksum for: git to IPcSG3z9odMbDER7PjWY3J5fBP1f5+nnhBIqSWwuXOo=
Setting checksum for: git to IPcSG3z9odMbDER7PjWY3J5fBP1f5+nnhBIqSWwuXOo=
Setting checksum for: git to IPcSG3z9odMbDER7PjWY3J5fBP1f5+nnhBIqSWwuXOo=
Setting checksum for: git to IPcSG3z9odMbDER7PjWY3J5fBP1f5+nnhBIqSWwuXOo=
Setting checksum for: git to IPcSG3z9odMbDER7PjWY3J5fBP1f5+nnhBIqSWwuXOo=
Setting checksum for: git to IPcSG3z9odMbDER7PjWY3J5fBP1f5+nnhBIqSWwuXOo=
Setting checksum for: git to IPcSG3z9odMbDER7PjWY3J5fBP1f5+nnhBIqSWwuXOo=
Setting checksum for: git to IPcSG3z9odMbDER7PjWY3J5fBP1f5+nnhBIqSWwuXOo=
Setting checksum for: git to IPcSG3z9odMbDER7PjWY3J5fBP1f5+nnhBIqSWwuXOo=
Setting checksum for: git to IPcSG3z9odMbDER7PjWY3J5fBP1f5+nnhBIqSWwuXOo=
Setting checksum for: git to IPcSG3z9odMbDER7PjWY3J5fBP1f5+nnhBIqSWwuXOo=
Setting checksum for: git to IPcSG3z9odMbDER7PjWY3J5fBP1f5+nnhBIqSWwuXOo=
Setting checksum for: configuration-as-code to hBqmRQ5keNx83g9xny+0/CJyvi56LzzkT0AYQJVLops=
Setting checksum for: configuration-as-code to hBqmRQ5keNx83g9xny+0/CJyvi56LzzkT0AYQJVLops=

configuration-as-code depends on:
caffeine-api 3.2.0-166.v72a_6d74b_870f
commons-text-api 1.13.0-153.v91dcd89e2a_22
json-api 20250107-125.v28b_a_ffa_eb_f01
prism-api 1.30.0-1
snakeyaml-api 2.3-125.v4d77857a_b_402
Setting checksum for: caffeine-api to 2V7jSRDlyWVjb8BLth8dTYy2xFeqPDLKlTJD/i098BM=

caffeine-api has no dependencies
Setting checksum for: commons-text-api to HRiH1WEA4YKB7/YDkf4Nw+Mq3nCYAlP8iUegTf4bcG0=

commons-text-api depends on:
commons-lang3-api 3.17.0-87.v5cf526e63b_8b_
Setting checksum for: json-api to Ypt5zQWBgL4WqjodxQGnYZE9RbJ2kwzCOgGXu0ME0Ww=

json-api has no dependencies
Setting checksum for: prism-api to sj4ovOOkKb9xXIGpUBkLEyCF1XYtL+28RUbRS4Q57Do=

prism-api depends on:
bootstrap5-api 5.3.3-2
commons-lang3-api 3.17.0-84.vb_b_938040b_078
commons-text-api 1.13.0-153.v91dcd89e2a_22
font-awesome-api 6.7.2-1
plugin-util-api 6.0.0
antisamy-markup-formatter 162.v0e6ec0fcfcf6
Setting checksum for: snakeyaml-api to iZXyKefhVY/YSCIp7RMjU8uzJYAJ87nxhF1hfwrBfkI=

snakeyaml-api has no dependencies
Setting checksum for: commons-lang3-api to 1lTUZ9u2DXrwt2Qdlyq/9AsVCaI3myNQsndOAKHfVM8=

commons-lang3-api has no dependencies
Setting checksum for: bootstrap5-api to Ko1yLW6yPIk0NfWb2J3C/LhNNBRc/Y6oJCbQZswpmbQ=

bootstrap5-api depends on:
commons-lang3-api 3.17.0-87.v5cf526e63b_8b_
commons-text-api 1.13.0-153.v91dcd89e2a_22
font-awesome-api 6.7.2-1
Setting checksum for: font-awesome-api to A5xnbGH0XMJW53WavcXDyNRlM4leQDzxEoiVrUsZ3T8=

font-awesome-api depends on:
commons-lang3-api 3.17.0-84.vb_b_938040b_078
commons-text-api 1.13.0-153.v91dcd89e2a_22
plugin-util-api 6.0.0
Setting checksum for: plugin-util-api to igXXkg7N6W9FQGqSb/ZwjOcKp8gwRE7K/8nr4SIKRdA=

plugin-util-api depends on:
commons-lang3-api 3.17.0-84.vb_b_938040b_078
commons-text-api 1.13.0-153.v91dcd89e2a_22
workflow-api 1366.vf1fb_e1a_f6b_22
workflow-step-api 700.v6e45cb_a_5a_a_21
workflow-support 963.va_600813d04a_a_
Setting checksum for: antisamy-markup-formatter to KbR2V5fybERXSicy3fnX2Y6gKDKVNSSX3Z7vhK7QEC8=

antisamy-markup-formatter has no dependencies
Setting checksum for: workflow-api to 9WdyzuZLvm10RKLYUj7dKOq032n7uH/Dbb4E2vsNJrA=

workflow-api depends on:
workflow-step-api 686.v603d058a_e148
scm-api 703.v72ff4b_259600
Setting checksum for: workflow-step-api to IB4w9pcGuYv+gOryTw9zXz9deh4M0GkkPRWj3iIAfkg=

workflow-step-api depends on:
structs 338.v848422169819
Setting checksum for: workflow-support to X1FbzVH37WnPPTXH6rS2kYiIqPiBpB4/8elcBb4IJEQ=

workflow-support depends on:
caffeine-api 3.1.8-133.v17b_1ff2e0599
workflow-api 1336.vee415d95c521
workflow-step-api 700.v6e45cb_a_5a_a_21
scm-api 698.v8e3b_c788f0a_6
script-security 1369.v9b_98a_4e95b_2d
Setting checksum for: scm-api to 7nIjUWqwEfhDH5PdUP0icYxg7N5Q7v/r8pVVQiHaEMk=

scm-api depends on:
asm-api 9.7.1-97.v4cc844130d97
structs 338.v848422169819
Setting checksum for: structs to fK6BGjl4j1ipVHdGMfCiedS/XjJnKDcmioU4Imeor2Y=

structs has no dependencies
Setting checksum for: script-security to v3cf2bFP9qbHa1coMrin+lgk6ypuhzkvbrZAIk9UheQ=

script-security depends on:
caffeine-api 3.1.8-133.v17b_1ff2e0599
Setting checksum for: asm-api to lecffF4emLbay0Nx1Ry2xEQ5IuwPiMN0CcNmoeS6N9Q=

asm-api has no dependencies
Setting checksum for: configuration-as-code to hBqmRQ5keNx83g9xny+0/CJyvi56LzzkT0AYQJVLops=
Setting checksum for: configuration-as-code to hBqmRQ5keNx83g9xny+0/CJyvi56LzzkT0AYQJVLops=
Setting checksum for: configuration-as-code to hBqmRQ5keNx83g9xny+0/CJyvi56LzzkT0AYQJVLops=
Setting checksum for: configuration-as-code to hBqmRQ5keNx83g9xny+0/CJyvi56LzzkT0AYQJVLops=
Setting checksum for: configuration-as-code to hBqmRQ5keNx83g9xny+0/CJyvi56LzzkT0AYQJVLops=
Setting checksum for: configuration-as-code to hBqmRQ5keNx83g9xny+0/CJyvi56LzzkT0AYQJVLops=
Setting checksum for: configuration-as-code to hBqmRQ5keNx83g9xny+0/CJyvi56LzzkT0AYQJVLops=
Setting checksum for: configuration-as-code to hBqmRQ5keNx83g9xny+0/CJyvi56LzzkT0AYQJVLops=
Setting checksum for: configuration-as-code to hBqmRQ5keNx83g9xny+0/CJyvi56LzzkT0AYQJVLops=
Setting checksum for: configuration-as-code to hBqmRQ5keNx83g9xny+0/CJyvi56LzzkT0AYQJVLops=
Setting checksum for: configuration-as-code to hBqmRQ5keNx83g9xny+0/CJyvi56LzzkT0AYQJVLops=
Setting checksum for: configuration-as-code to hBqmRQ5keNx83g9xny+0/CJyvi56LzzkT0AYQJVLops=
Setting checksum for: configuration-as-code to hBqmRQ5keNx83g9xny+0/CJyvi56LzzkT0AYQJVLops=
Setting checksum for: configuration-as-code to hBqmRQ5keNx83g9xny+0/CJyvi56LzzkT0AYQJVLops=
Setting checksum for: configuration-as-code to hBqmRQ5keNx83g9xny+0/CJyvi56LzzkT0AYQJVLops=
Setting checksum for: configuration-as-code to hBqmRQ5keNx83g9xny+0/CJyvi56LzzkT0AYQJVLops=
Setting checksum for: configuration-as-code to hBqmRQ5keNx83g9xny+0/CJyvi56LzzkT0AYQJVLops=
Setting checksum for: configuration-as-code to hBqmRQ5keNx83g9xny+0/CJyvi56LzzkT0AYQJVLops=
Couldn't find checksum for credentials at version: 1311.vcf0a_5efa_294f

Resolving dependencies of credentials by downloading plugin to temp file /tmp/credentials40856301610731226.jpi and parsing MANIFEST.MF
Will use url: https://updates.jenkins.io/download/plugins/credentials/1311.vcf0a_5efa_294f/credentials.hpi to download credentials plugin
Unable to resolve plugin URL https://updates.jenkins.io/download/plugins/credentials/1311.vcf0a_5efa_294f/credentials.hpi, or download plugin credentials to file: status code: 404, reason phrase: Not Found
Tried downloading credentials from https://get.jenkins.io/plugins/credentials/1311.vcf0a_5efa_294f/credentials.hpi (attempt 1 of 3)
Unable to resolve plugin URL https://updates.jenkins.io/download/plugins/credentials/1311.vcf0a_5efa_294f/credentials.hpi, or download plugin credentials to file: status code: 404, reason phrase: Not Found
Tried downloading credentials from https://get.jenkins.io/plugins/credentials/1311.vcf0a_5efa_294f/credentials.hpi (attempt 2 of 3)
Tried downloading credentials from https://get.jenkins.io/plugins/credentials/1311.vcf0a_5efa_294f/credentials.hpi (attempt 3 of 3)
Unable to resolve plugin URL https://updates.jenkins.io/download/plugins/credentials/1311.vcf0a_5efa_294f/credentials.hpi, or download plugin credentials to file: status code: 404, reason phrase: Not Found
java.io.IOException: Unable to resolve plugin URL https://updates.jenkins.io/download/plugins/credentials/1311.vcf0a_5efa_294f/credentials.hpi, or download plugin credentials to file: status code: 404, reason phrase: Not Found
	at io.jenkins.tools.pluginmanager.impl.PluginManager.getViaHttpWithResponseHandler(PluginManager.java:1392)
	at io.jenkins.tools.pluginmanager.impl.PluginManager.downloadHttpToFile(PluginManager.java:1351)
	at io.jenkins.tools.pluginmanager.impl.PluginManager.downloadToFile(PluginManager.java:1306)
	at io.jenkins.tools.pluginmanager.impl.PluginManager.downloadToFile(PluginManager.java:1279)
	at io.jenkins.tools.pluginmanager.impl.PluginManager.downloadPlugin(PluginManager.java:1216)
	at io.jenkins.tools.pluginmanager.impl.PluginManager.resolveDependenciesFromManifest(PluginManager.java:954)
	at io.jenkins.tools.pluginmanager.impl.PluginManager.resolveDirectDependencies(PluginManager.java:1074)
	at io.jenkins.tools.pluginmanager.impl.PluginManager.resolveRecursiveDependencies(PluginManager.java:1118)
	at io.jenkins.tools.pluginmanager.impl.PluginManager.findPluginsAndDependencies(PluginManager.java:701)
	at io.jenkins.tools.pluginmanager.impl.PluginManager.start(PluginManager.java:232)
	at io.jenkins.tools.pluginmanager.impl.PluginManager.start(PluginManager.java:189)
	at io.jenkins.tools.pluginmanager.cli.Main.main(Main.java:60)
Caused by: org.apache.http.client.HttpResponseException: status code: 404, reason phrase: Not Found
	at org.apache.http.impl.client.AbstractResponseHandler.handleResponse(AbstractResponseHandler.java:70)
	at org.apache.http.impl.client.CloseableHttpClient.execute(CloseableHttpClient.java:223)
	at org.apache.http.impl.client.CloseableHttpClient.execute(CloseableHttpClient.java:165)
	at io.jenkins.tools.pluginmanager.impl.PluginManager.getViaHttpWithResponseHandler(PluginManager.java:1384)
	... 11 more
Downloading from mirrors failed, falling back to https://archives.jenkins.io/
Unable to resolve plugin URL https://archives.jenkins.io/plugins/credentials/1311.vcf0a_5efa_294f/credentials.hpi, or download plugin credentials to file: status code: 404, reason phrase: Not Found
java.io.IOException: Unable to resolve plugin URL https://archives.jenkins.io/plugins/credentials/1311.vcf0a_5efa_294f/credentials.hpi, or download plugin credentials to file: status code: 404, reason phrase: Not Found
	at io.jenkins.tools.pluginmanager.impl.PluginManager.getViaHttpWithResponseHandler(PluginManager.java:1392)
	at io.jenkins.tools.pluginmanager.impl.PluginManager.downloadHttpToFile(PluginManager.java:1351)
	at io.jenkins.tools.pluginmanager.impl.PluginManager.downloadToFile(PluginManager.java:1306)
	at io.jenkins.tools.pluginmanager.impl.PluginManager.downloadToFile(PluginManager.java:1312)
	at io.jenkins.tools.pluginmanager.impl.PluginManager.downloadToFile(PluginManager.java:1279)
	at io.jenkins.tools.pluginmanager.impl.PluginManager.downloadPlugin(PluginManager.java:1216)
	at io.jenkins.tools.pluginmanager.impl.PluginManager.resolveDependenciesFromManifest(PluginManager.java:954)
	at io.jenkins.tools.pluginmanager.impl.PluginManager.resolveDirectDependencies(PluginManager.java:1074)
	at io.jenkins.tools.pluginmanager.impl.PluginManager.resolveRecursiveDependencies(PluginManager.java:1118)
	at io.jenkins.tools.pluginmanager.impl.PluginManager.findPluginsAndDependencies(PluginManager.java:701)
	at io.jenkins.tools.pluginmanager.impl.PluginManager.start(PluginManager.java:232)
	at io.jenkins.tools.pluginmanager.impl.PluginManager.start(PluginManager.java:189)
	at io.jenkins.tools.pluginmanager.cli.Main.main(Main.java:60)
Caused by: org.apache.http.client.HttpResponseException: status code: 404, reason phrase: Not Found
	at org.apache.http.impl.client.AbstractResponseHandler.handleResponse(AbstractResponseHandler.java:70)
	at org.apache.http.impl.client.CloseableHttpClient.execute(CloseableHttpClient.java:223)
	at org.apache.http.impl.client.CloseableHttpClient.execute(CloseableHttpClient.java:165)
	at io.jenkins.tools.pluginmanager.impl.PluginManager.getViaHttpWithResponseHandler(PluginManager.java:1384)
	... 12 more
Couldn't find checksum for credentials at version: 1311.vcf0a_5efa_294f
Couldn't find checksum for job-dsl at version: 1.81
Setting checksum for: job-dsl to saIxQQKvAs8iHhi9x0z6WC4+XONTBscw8txwgok6gvY=

job-dsl depends on:
config-file-provider 2.15.4
configuration-as-code 1.15
managed-scripts 1.3
branch-api 2.4.0
cloudbees-folder 6.8
structs 1.19
script-security 1.54
vsphere-cloud 1.1.11
Skipping dependency configuration-as-code:1.15 and its sub-dependencies, because there is a higher version defined on the top level - configuration-as-code:1971.vf9280461ea_89
Skipping dependency structs:1.19 and its sub-dependencies, because there is a higher version defined on the top level - structs:325.vcb_307d2a_2782
Skipping dependency script-security:1.54 and its sub-dependencies, because there is a higher version defined on the top level - script-security:1333.v3e8a_eb_e38390
Setting checksum for: branch-api to vebT27RtNkw94NsG75Sk1oZqEZcV4QqIKod+Wq0MaD8=

branch-api depends on:
caffeine-api 3.1.8-133.v17b_1ff2e0599
ionicons-api 74.v93d5eb_813d5f
cloudbees-folder 6.976.v4dc79fb_c458d
scm-api 698.v8e3b_c788f0a_6
Setting checksum for: cloudbees-folder to 7yhV6ydIgpuW4b1Lpi1BQwPiZkvlkN6h4ZUzRGk3LNo=

cloudbees-folder depends on:
ionicons-api 74.v93d5eb_813d5f
credentials 1405.vb_cda_74a_f8974
Setting checksum for: caffeine-api to 2V7jSRDlyWVjb8BLth8dTYy2xFeqPDLKlTJD/i098BM=

caffeine-api has no dependencies
Setting checksum for: ionicons-api to LW6kClh1cr0Nv2AFDwpsBGjmbxKzXzymXN/OUEQN+m8=

ionicons-api has no dependencies
Setting checksum for: scm-api to 7nIjUWqwEfhDH5PdUP0icYxg7N5Q7v/r8pVVQiHaEMk=

scm-api depends on:
asm-api 9.7.1-97.v4cc844130d97
structs 338.v848422169819
Setting checksum for: asm-api to lecffF4emLbay0Nx1Ry2xEQ5IuwPiMN0CcNmoeS6N9Q=

asm-api has no dependencies
Setting checksum for: structs to fK6BGjl4j1ipVHdGMfCiedS/XjJnKDcmioU4Imeor2Y=

structs has no dependencies
Couldn't find checksum for structs at version: 325.vcb_307d2a_2782
Setting checksum for: structs to IwDdPOEndXYOeJjIYmVncyNm4dplKkEh+Yqj7/3R4+E=

structs has no dependencies
Couldn't find checksum for script-security at version: 1333.v3e8a_eb_e38390

Resolving dependencies of script-security by downloading plugin to temp file /tmp/script-security13882089236009063864.jpi and parsing MANIFEST.MF
Will use url: https://updates.jenkins.io/download/plugins/script-security/1333.v3e8a_eb_e38390/script-security.hpi to download script-security plugin
Unable to resolve plugin URL https://updates.jenkins.io/download/plugins/script-security/1333.v3e8a_eb_e38390/script-security.hpi, or download plugin script-security to file: status code: 404, reason phrase: Not Found
Tried downloading script-security from https://get.jenkins.io/plugins/script-security/1333.v3e8a_eb_e38390/script-security.hpi (attempt 1 of 3)
Unable to resolve plugin URL https://updates.jenkins.io/download/plugins/script-security/1333.v3e8a_eb_e38390/script-security.hpi, or download plugin script-security to file: status code: 404, reason phrase: Not Found
Tried downloading script-security from https://get.jenkins.io/plugins/script-security/1333.v3e8a_eb_e38390/script-security.hpi (attempt 2 of 3)
Tried downloading script-security from https://get.jenkins.io/plugins/script-security/1333.v3e8a_eb_e38390/script-security.hpi (attempt 3 of 3)
Unable to resolve plugin URL https://updates.jenkins.io/download/plugins/script-security/1333.v3e8a_eb_e38390/script-security.hpi, or download plugin script-security to file: status code: 404, reason phrase: Not Found
java.io.IOException: Unable to resolve plugin URL https://updates.jenkins.io/download/plugins/script-security/1333.v3e8a_eb_e38390/script-security.hpi, or download plugin script-security to file: status code: 404, reason phrase: Not Found
	at io.jenkins.tools.pluginmanager.impl.PluginManager.getViaHttpWithResponseHandler(PluginManager.java:1392)
	at io.jenkins.tools.pluginmanager.impl.PluginManager.downloadHttpToFile(PluginManager.java:1351)
	at io.jenkins.tools.pluginmanager.impl.PluginManager.downloadToFile(PluginManager.java:1306)
	at io.jenkins.tools.pluginmanager.impl.PluginManager.downloadToFile(PluginManager.java:1279)
	at io.jenkins.tools.pluginmanager.impl.PluginManager.downloadPlugin(PluginManager.java:1216)
	at io.jenkins.tools.pluginmanager.impl.PluginManager.resolveDependenciesFromManifest(PluginManager.java:954)
	at io.jenkins.tools.pluginmanager.impl.PluginManager.resolveDirectDependencies(PluginManager.java:1074)
	at io.jenkins.tools.pluginmanager.impl.PluginManager.resolveRecursiveDependencies(PluginManager.java:1118)
	at io.jenkins.tools.pluginmanager.impl.PluginManager.findPluginsAndDependencies(PluginManager.java:701)
	at io.jenkins.tools.pluginmanager.impl.PluginManager.start(PluginManager.java:232)
	at io.jenkins.tools.pluginmanager.impl.PluginManager.start(PluginManager.java:189)
	at io.jenkins.tools.pluginmanager.cli.Main.main(Main.java:60)
Caused by: org.apache.http.client.HttpResponseException: status code: 404, reason phrase: Not Found
	at org.apache.http.impl.client.AbstractResponseHandler.handleResponse(AbstractResponseHandler.java:70)
	at org.apache.http.impl.client.CloseableHttpClient.execute(CloseableHttpClient.java:223)
	at org.apache.http.impl.client.CloseableHttpClient.execute(CloseableHttpClient.java:165)
	at io.jenkins.tools.pluginmanager.impl.PluginManager.getViaHttpWithResponseHandler(PluginManager.java:1384)
	... 11 more
Downloading from mirrors failed, falling back to https://archives.jenkins.io/
Unable to resolve plugin URL https://archives.jenkins.io/plugins/script-security/1333.v3e8a_eb_e38390/script-security.hpi, or download plugin script-security to file: status code: 404, reason phrase: Not Found
java.io.IOException: Unable to resolve plugin URL https://archives.jenkins.io/plugins/script-security/1333.v3e8a_eb_e38390/script-security.hpi, or download plugin script-security to file: status code: 404, reason phrase: Not Found
	at io.jenkins.tools.pluginmanager.impl.PluginManager.getViaHttpWithResponseHandler(PluginManager.java:1392)
	at io.jenkins.tools.pluginmanager.impl.PluginManager.downloadHttpToFile(PluginManager.java:1351)
	at io.jenkins.tools.pluginmanager.impl.PluginManager.downloadToFile(PluginManager.java:1306)
	at io.jenkins.tools.pluginmanager.impl.PluginManager.downloadToFile(PluginManager.java:1312)
	at io.jenkins.tools.pluginmanager.impl.PluginManager.downloadToFile(PluginManager.java:1279)
	at io.jenkins.tools.pluginmanager.impl.PluginManager.downloadPlugin(PluginManager.java:1216)
	at io.jenkins.tools.pluginmanager.impl.PluginManager.resolveDependenciesFromManifest(PluginManager.java:954)
	at io.jenkins.tools.pluginmanager.impl.PluginManager.resolveDirectDependencies(PluginManager.java:1074)
	at io.jenkins.tools.pluginmanager.impl.PluginManager.resolveRecursiveDependencies(PluginManager.java:1118)
	at io.jenkins.tools.pluginmanager.impl.PluginManager.findPluginsAndDependencies(PluginManager.java:701)
	at io.jenkins.tools.pluginmanager.impl.PluginManager.start(PluginManager.java:232)
	at io.jenkins.tools.pluginmanager.impl.PluginManager.start(PluginManager.java:189)
	at io.jenkins.tools.pluginmanager.cli.Main.main(Main.java:60)
Caused by: org.apache.http.client.HttpResponseException: status code: 404, reason phrase: Not Found
	at org.apache.http.impl.client.AbstractResponseHandler.handleResponse(AbstractResponseHandler.java:70)
	at org.apache.http.impl.client.CloseableHttpClient.execute(CloseableHttpClient.java:223)
	at org.apache.http.impl.client.CloseableHttpClient.execute(CloseableHttpClient.java:165)
	at io.jenkins.tools.pluginmanager.impl.PluginManager.getViaHttpWithResponseHandler(PluginManager.java:1384)
	... 12 more
Couldn't find checksum for script-security at version: 1333.v3e8a_eb_e38390
Will install new plugin kubernetes 4358.vcfd9c5a_0a_f51
Will install new plugin json-api 20250517-153.vc8a_a_d87c0ce3
Will install new plugin pipeline-milestone-step 138.v78ca_76831a_43
Will install new plugin mina-sshd-api-core 2.15.0-161.vb_200831a_c15b_
Will install new plugin jakarta-activation-api 2.1.3-2
Will install new plugin snakeyaml-api 2.3-125.v4d77857a_b_402
Will install new plugin gson-api 2.13.1-139.v4569c2ef303f
Will install new plugin commons-text-api 1.13.1-176.v74d88f22034b_
Will install new plugin workflow-multibranch 806.vb_b_688f609ee9
Will install new plugin joda-time-api 2.14.0-127.v7d9da_295a_d51
Will install new plugin job-dsl 1.81
Will install new plugin pipeline-stage-tags-metadata 2.2255.v56a_15e805f12
Will install new plugin javax-activation-api 1.2.0-8
Will install new plugin plugin-util-api 6.1.0
Will install new plugin git-client 6.2.0
Will install new plugin variant 70.va_d9f17f859e0
Will install new plugin scm-api 704.v3ce5c542825a_
Will install new plugin kubernetes-client-api 7.3.1-256.v788a_0b_787114
Will install new plugin pipeline-stage-step 322.vecffa_99f371c
Will install new plugin font-awesome-api 6.7.2-1
Will install new plugin pipeline-model-extensions 2.2255.v56a_15e805f12
Will install new plugin pipeline-groovy-lib 752.vdddedf804e72
Will install new plugin configuration-as-code 1971.vf9280461ea_89
Will install new plugin workflow-support 968.v8f17397e87b_8
Will install new plugin mailer 509.vc54d23fc427e
Will install new plugin antisamy-markup-formatter 173.v680e3a_b_69ff3
Will install new plugin jackson2-api 2.19.0-404.vb_b_0fd2fea_e10
Will install new plugin workflow-scm-step 437.v05a_f66b_e5ef8
Will install new plugin jakarta-mail-api 2.1.3-2
Will install new plugin pipeline-model-api 2.2255.v56a_15e805f12
Will install new plugin pipeline-input-step 527.vd61b_1d3c5078
Will install new plugin metrics 4.2.32-476.v5042e1c1edd7
Will install new plugin okhttp-api 4.11.0-189.v976fa_d3379d6
Will install new plugin credentials-binding 687.v619cb_15e923f
Will install new plugin workflow-aggregator 608.v67378e9d3db_1
Will install new plugin kubernetes-credentials 203.v85b_9836a_f44b_
Will install new plugin pipeline-build-step 571.v08a_fffd4b_0ce
Will install new plugin credentials 1415.v831096eb_5534
Will install new plugin pipeline-model-definition 2.2255.v56a_15e805f12
Will install new plugin mina-sshd-api-common 2.15.0-161.vb_200831a_c15b_
Will install new plugin caffeine-api 3.2.0-166.v72a_6d74b_870f
Will install new plugin asm-api 9.8-135.vb_2239d08ee90
Will install new plugin instance-identity 203.v15e81a_1b_7a_38
Will install new plugin workflow-step-api 700.v6e45cb_a_5a_a_21
Will install new plugin plain-credentials 199.v9f8e1f741799
Will install new plugin bouncycastle-api 2.30.1.80-261.v00c0e2618ec3
Will install new plugin jaxb 2.3.9-133.vb_ec76a_73f706
Will install new plugin git 5.7.0
Will install new plugin workflow-durable-task-step 1434.v1b_595c29ddd7
Will install new plugin authentication-tokens 1.131.v7199556c3004
Will install new plugin bootstrap5-api 5.3.7-1
Will install new plugin ssh-credentials 359.v2191c4cf635f
Will install new plugin cloudbees-folder 6.1026.ve06dfa_cf31c3
Will install new plugin durable-task 587.v84b_877235b_45
Will install new plugin workflow-basic-steps 1079.vce64b_a_929c5a_
Will install new plugin workflow-job 1540.v295eccc9778f
Will install new plugin structs 350.v3b_30f09f2363
Will install new plugin apache-httpcomponents-client-4-api 4.5.14-269.vfa_2321039a_83
Will install new plugin workflow-cps 4150.ve20ca_b_a_a_2815
Will install new plugin ionicons-api 88.va_4187cb_eddf1
Will install new plugin display-url-api 2.209.v582ed814ff2f
Will install new plugin prism-api 1.30.0-1
Will install new plugin commons-lang3-api 3.17.0-87.v5cf526e63b_8b_
Will install new plugin script-security 1373.vb_b_4a_a_c26fa_00
Will install new plugin branch-api 2.1226.ve1e7e0b_4b_95f
Will install new plugin workflow-api 1373.v7b_813f10efa_b_
io.jenkins.tools.pluginmanager.impl.AggregatePluginPrerequisitesNotMetException: Multiple plugin prerequisites not met:
Plugin kubernetes:4358.vcfd9c5a_0a_f51 depends on credentials:1415.v831096eb_5534, but there is an older version defined on the top level - credentials:1311.vcf0a_5efa_294f,
Plugin kubernetes:4358.vcfd9c5a_0a_f51 depends on structs:350.v3b_30f09f2363, but there is an older version defined on the top level - structs:325.vcb_307d2a_2782,
Plugin kubernetes:4358.vcfd9c5a_0a_f51 (via workflow-durable-task-step:1434.v1b_595c29ddd7) depends on script-security:1369.v9b_98a_4e95b_2d, but there is an older version defined on the top level - script-security:1333.v3e8a_eb_e38390,
Plugin kubernetes:4358.vcfd9c5a_0a_f51 (via workflow-durable-task-step:1434.v1b_595c29ddd7) depends on structs:338.v848422169819, but there is an older version defined on the top level - structs:325.vcb_307d2a_2782,
Plugin kubernetes:4358.vcfd9c5a_0a_f51 (via workflow-step-api:700.v6e45cb_a_5a_a_21) depends on structs:338.v848422169819, but there is an older version defined on the top level - structs:325.vcb_307d2a_2782,
Plugin kubernetes:4358.vcfd9c5a_0a_f51 (via authentication-tokens:1.131.v7199556c3004) depends on credentials:1405.vb_cda_74a_f8974, but there is an older version defined on the top level - credentials:1311.vcf0a_5efa_294f,
Plugin kubernetes:4358.vcfd9c5a_0a_f51 (via cloudbees-folder:6.1026.ve06dfa_cf31c3) depends on credentials:1405.vb_cda_74a_f8974, but there is an older version defined on the top level - credentials:1311.vcf0a_5efa_294f,
Plugin kubernetes:4358.vcfd9c5a_0a_f51 (via credentials-binding:687.v619cb_15e923f) depends on credentials:1381.v2c3a_12074da_b_, but there is an older version defined on the top level - credentials:1311.vcf0a_5efa_294f,
Plugin kubernetes:4358.vcfd9c5a_0a_f51 (via credentials-binding:687.v619cb_15e923f) depends on structs:338.v848422169819, but there is an older version defined on the top level - structs:325.vcb_307d2a_2782,
Plugin kubernetes:4358.vcfd9c5a_0a_f51 (via credentials:1415.v831096eb_5534) depends on structs:338.v848422169819, but there is an older version defined on the top level - structs:325.vcb_307d2a_2782,
Plugin kubernetes:4358.vcfd9c5a_0a_f51 (via plain-credentials:199.v9f8e1f741799) depends on credentials:1408.va_622a_b_f5b_1b_1, but there is an older version defined on the top level - credentials:1311.vcf0a_5efa_294f,
Plugin kubernetes:4358.vcfd9c5a_0a_f51 (via kubernetes-credentials:203.v85b_9836a_f44b_) depends on credentials:1415.v831096eb_5534, but there is an older version defined on the top level - credentials:1311.vcf0a_5efa_294f,
Plugin kubernetes:4358.vcfd9c5a_0a_f51 (via workflow-api:1373.v7b_813f10efa_b_->scm-api:704.v3ce5c542825a_) depends on structs:338.v848422169819, but there is an older version defined on the top level - structs:325.vcb_307d2a_2782,
Plugin kubernetes:4358.vcfd9c5a_0a_f51 (via workflow-durable-task-step:1434.v1b_595c29ddd7->workflow-support:968.v8f17397e87b_8) depends on script-security:1369.v9b_98a_4e95b_2d, but there is an older version defined on the top level - script-security:1333.v3e8a_eb_e38390,
Plugin kubernetes:4358.vcfd9c5a_0a_f51 (via credentials-binding:687.v619cb_15e923f->ssh-credentials:359.v2191c4cf635f) depends on credentials:1405.vb_cda_74a_f8974, but there is an older version defined on the top level - credentials:1311.vcf0a_5efa_294f,
Plugin workflow-aggregator:608.v67378e9d3db_1 (via pipeline-groovy-lib:752.vdddedf804e72) depends on script-security:1369.v9b_98a_4e95b_2d, but there is an older version defined on the top level - script-security:1333.v3e8a_eb_e38390,
Plugin workflow-aggregator:608.v67378e9d3db_1 (via pipeline-groovy-lib:752.vdddedf804e72) depends on structs:338.v848422169819, but there is an older version defined on the top level - structs:325.vcb_307d2a_2782,
Plugin workflow-aggregator:608.v67378e9d3db_1 (via workflow-basic-steps:1079.vce64b_a_929c5a_) depends on structs:338.v848422169819, but there is an older version defined on the top level - structs:325.vcb_307d2a_2782,
Plugin workflow-aggregator:608.v67378e9d3db_1 (via workflow-cps:4150.ve20ca_b_a_a_2815) depends on script-security:1373.vb_b_4a_a_c26fa_00, but there is an older version defined on the top level - script-security:1333.v3e8a_eb_e38390,
Plugin workflow-aggregator:608.v67378e9d3db_1 (via workflow-cps:4150.ve20ca_b_a_a_2815) depends on structs:343.vdcf37b_a_c81d5, but there is an older version defined on the top level - structs:325.vcb_307d2a_2782,
Plugin workflow-aggregator:608.v67378e9d3db_1 (via workflow-durable-task-step:1434.v1b_595c29ddd7) depends on script-security:1369.v9b_98a_4e95b_2d, but there is an older version defined on the top level - script-security:1333.v3e8a_eb_e38390,
Plugin workflow-aggregator:608.v67378e9d3db_1 (via workflow-durable-task-step:1434.v1b_595c29ddd7) depends on structs:338.v848422169819, but there is an older version defined on the top level - structs:325.vcb_307d2a_2782,
Plugin workflow-aggregator:608.v67378e9d3db_1 (via workflow-multibranch:806.vb_b_688f609ee9) depends on script-security:1369.v9b_98a_4e95b_2d, but there is an older version defined on the top level - script-security:1333.v3e8a_eb_e38390,
Plugin workflow-aggregator:608.v67378e9d3db_1 (via pipeline-build-step:571.v08a_fffd4b_0ce) depends on script-security:1369.v9b_98a_4e95b_2d, but there is an older version defined on the top level - script-security:1333.v3e8a_eb_e38390,
Plugin workflow-aggregator:608.v67378e9d3db_1 (via pipeline-build-step:571.v08a_fffd4b_0ce) depends on structs:338.v848422169819, but there is an older version defined on the top level - structs:325.vcb_307d2a_2782,
Plugin workflow-aggregator:608.v67378e9d3db_1 (via pipeline-input-step:527.vd61b_1d3c5078) depends on credentials:1405.vb_cda_74a_f8974, but there is an older version defined on the top level - credentials:1311.vcf0a_5efa_294f,
Plugin workflow-aggregator:608.v67378e9d3db_1 (via pipeline-input-step:527.vd61b_1d3c5078) depends on structs:338.v848422169819, but there is an older version defined on the top level - structs:325.vcb_307d2a_2782,
Plugin workflow-aggregator:608.v67378e9d3db_1 (via pipeline-model-definition:2.2255.v56a_15e805f12) depends on credentials:1408.va_622a_b_f5b_1b_1, but there is an older version defined on the top level - credentials:1311.vcf0a_5efa_294f,
Plugin workflow-aggregator:608.v67378e9d3db_1 (via pipeline-model-definition:2.2255.v56a_15e805f12) depends on structs:338.v848422169819, but there is an older version defined on the top level - structs:325.vcb_307d2a_2782,
Plugin workflow-aggregator:608.v67378e9d3db_1 (via pipeline-groovy-lib:752.vdddedf804e72->workflow-step-api:700.v6e45cb_a_5a_a_21) depends on structs:338.v848422169819, but there is an older version defined on the top level - structs:325.vcb_307d2a_2782,
Plugin workflow-aggregator:608.v67378e9d3db_1 (via pipeline-groovy-lib:752.vdddedf804e72->cloudbees-folder:6.1026.ve06dfa_cf31c3) depends on credentials:1405.vb_cda_74a_f8974, but there is an older version defined on the top level - credentials:1311.vcf0a_5efa_294f,
Plugin workflow-aggregator:608.v67378e9d3db_1 (via pipeline-groovy-lib:752.vdddedf804e72->scm-api:704.v3ce5c542825a_) depends on structs:338.v848422169819, but there is an older version defined on the top level - structs:325.vcb_307d2a_2782,
Plugin workflow-aggregator:608.v67378e9d3db_1 (via workflow-cps:4150.ve20ca_b_a_a_2815->workflow-support:968.v8f17397e87b_8) depends on script-security:1369.v9b_98a_4e95b_2d, but there is an older version defined on the top level - script-security:1333.v3e8a_eb_e38390,
Plugin workflow-aggregator:608.v67378e9d3db_1 (via pipeline-input-step:527.vd61b_1d3c5078->credentials:1405.vb_cda_74a_f8974) depends on structs:338.v848422169819, but there is an older version defined on the top level - structs:325.vcb_307d2a_2782,
Plugin workflow-aggregator:608.v67378e9d3db_1 (via pipeline-model-definition:2.2255.v56a_15e805f12->credentials-binding:687.v619cb_15e923f) depends on credentials:1381.v2c3a_12074da_b_, but there is an older version defined on the top level - credentials:1311.vcf0a_5efa_294f,
Plugin workflow-aggregator:608.v67378e9d3db_1 (via pipeline-model-definition:2.2255.v56a_15e805f12->credentials-binding:687.v619cb_15e923f) depends on structs:338.v848422169819, but there is an older version defined on the top level - structs:325.vcb_307d2a_2782,
Plugin workflow-aggregator:608.v67378e9d3db_1 (via pipeline-model-definition:2.2255.v56a_15e805f12->credentials:1408.va_622a_b_f5b_1b_1) depends on structs:338.v848422169819, but there is an older version defined on the top level - structs:325.vcb_307d2a_2782,
Plugin workflow-aggregator:608.v67378e9d3db_1 (via pipeline-model-definition:2.2255.v56a_15e805f12->pipeline-model-api:2.2255.v56a_15e805f12) depends on structs:338.v848422169819, but there is an older version defined on the top level - structs:325.vcb_307d2a_2782,
Plugin workflow-aggregator:608.v67378e9d3db_1 (via pipeline-model-definition:2.2255.v56a_15e805f12->pipeline-model-extensions:2.2255.v56a_15e805f12) depends on credentials:1408.va_622a_b_f5b_1b_1, but there is an older version defined on the top level - credentials:1311.vcf0a_5efa_294f,
Plugin workflow-aggregator:608.v67378e9d3db_1 (via pipeline-model-definition:2.2255.v56a_15e805f12->credentials-binding:687.v619cb_15e923f->plain-credentials:199.v9f8e1f741799) depends on credentials:1408.va_622a_b_f5b_1b_1, but there is an older version defined on the top level - credentials:1311.vcf0a_5efa_294f,
Plugin workflow-aggregator:608.v67378e9d3db_1 (via pipeline-model-definition:2.2255.v56a_15e805f12->credentials-binding:687.v619cb_15e923f->ssh-credentials:359.v2191c4cf635f) depends on credentials:1405.vb_cda_74a_f8974, but there is an older version defined on the top level - credentials:1311.vcf0a_5efa_294f,
Plugin git:5.7.0 depends on credentials:1405.vb_cda_74a_f8974, but there is an older version defined on the top level - credentials:1311.vcf0a_5efa_294f,
Plugin git:5.7.0 depends on script-security:1369.v9b_98a_4e95b_2d, but there is an older version defined on the top level - script-security:1333.v3e8a_eb_e38390,
Plugin git:5.7.0 depends on structs:338.v848422169819, but there is an older version defined on the top level - structs:325.vcb_307d2a_2782,
Plugin git:5.7.0 (via workflow-step-api:700.v6e45cb_a_5a_a_21) depends on structs:338.v848422169819, but there is an older version defined on the top level - structs:325.vcb_307d2a_2782,
Plugin git:5.7.0 (via credentials-binding:687.v619cb_15e923f) depends on credentials:1381.v2c3a_12074da_b_, but there is an older version defined on the top level - credentials:1311.vcf0a_5efa_294f,
Plugin git:5.7.0 (via credentials-binding:687.v619cb_15e923f) depends on structs:338.v848422169819, but there is an older version defined on the top level - structs:325.vcb_307d2a_2782,
Plugin git:5.7.0 (via credentials:1405.vb_cda_74a_f8974) depends on structs:338.v848422169819, but there is an older version defined on the top level - structs:325.vcb_307d2a_2782,
Plugin git:5.7.0 (via git-client:6.2.0) depends on credentials:1415.v831096eb_5534, but there is an older version defined on the top level - credentials:1311.vcf0a_5efa_294f,
Plugin git:5.7.0 (via git-client:6.2.0) depends on script-security:1373.vb_b_4a_a_c26fa_00, but there is an older version defined on the top level - script-security:1333.v3e8a_eb_e38390,
Plugin git:5.7.0 (via git-client:6.2.0) depends on structs:350.v3b_30f09f2363, but there is an older version defined on the top level - structs:325.vcb_307d2a_2782,
Plugin git:5.7.0 (via scm-api:704.v3ce5c542825a_) depends on structs:338.v848422169819, but there is an older version defined on the top level - structs:325.vcb_307d2a_2782,
Plugin git:5.7.0 (via ssh-credentials:359.v2191c4cf635f) depends on credentials:1405.vb_cda_74a_f8974, but there is an older version defined on the top level - credentials:1311.vcf0a_5efa_294f,
Plugin git:5.7.0 (via credentials-binding:687.v619cb_15e923f->plain-credentials:199.v9f8e1f741799) depends on credentials:1408.va_622a_b_f5b_1b_1, but there is an older version defined on the top level - credentials:1311.vcf0a_5efa_294f,
Plugin git:5.7.0 (via git-client:6.2.0->credentials:1415.v831096eb_5534) depends on structs:338.v848422169819, but there is an older version defined on the top level - structs:325.vcb_307d2a_2782,
Plugin configuration-as-code:1971.vf9280461ea_89 (via prism-api:1.30.0-1->plugin-util-api:6.1.0->workflow-step-api:700.v6e45cb_a_5a_a_21) depends on structs:338.v848422169819, but there is an older version defined on the top level - structs:325.vcb_307d2a_2782,
Plugin configuration-as-code:1971.vf9280461ea_89 (via prism-api:1.30.0-1->plugin-util-api:6.1.0->workflow-support:968.v8f17397e87b_8) depends on script-security:1369.v9b_98a_4e95b_2d, but there is an older version defined on the top level - script-security:1333.v3e8a_eb_e38390,
Plugin configuration-as-code:1971.vf9280461ea_89 (via prism-api:1.30.0-1->plugin-util-api:6.1.0->workflow-api:1373.v7b_813f10efa_b_->scm-api:704.v3ce5c542825a_) depends on structs:338.v848422169819, but there is an older version defined on the top level - structs:325.vcb_307d2a_2782,
Plugin credentials:1311.vcf0a_5efa_294f has unresolvable dependencies: Unable to resolve dependencies for credentials,
Plugin job-dsl:1.81 (via cloudbees-folder:6.1026.ve06dfa_cf31c3) depends on credentials:1405.vb_cda_74a_f8974, but there is an older version defined on the top level - credentials:1311.vcf0a_5efa_294f,
Plugin job-dsl:1.81 (via branch-api:2.1226.ve1e7e0b_4b_95f->scm-api:704.v3ce5c542825a_) depends on structs:338.v848422169819, but there is an older version defined on the top level - structs:325.vcb_307d2a_2782,
Plugin script-security:1333.v3e8a_eb_e38390 has unresolvable dependencies: Unable to resolve dependencies for script-security
	at io.jenkins.tools.pluginmanager.impl.PluginManager.start(PluginManager.java:240)
	at io.jenkins.tools.pluginmanager.impl.PluginManager.start(PluginManager.java:189)
	at io.jenkins.tools.pluginmanager.cli.Main.main(Main.java:60)
	Suppressed: io.jenkins.tools.pluginmanager.impl.PluginDependencyException: Plugin kubernetes:4358.vcfd9c5a_0a_f51 depends on credentials:1415.v831096eb_5534, but there is an older version defined on the top level - credentials:1311.vcf0a_5efa_294f
		at io.jenkins.tools.pluginmanager.impl.PluginManager.resolveRecursiveDependencies(PluginManager.java:1145)
		at io.jenkins.tools.pluginmanager.impl.PluginManager.findPluginsAndDependencies(PluginManager.java:701)
		at io.jenkins.tools.pluginmanager.impl.PluginManager.start(PluginManager.java:232)
		... 2 more
	Suppressed: io.jenkins.tools.pluginmanager.impl.PluginDependencyException: Plugin kubernetes:4358.vcfd9c5a_0a_f51 depends on structs:350.v3b_30f09f2363, but there is an older version defined on the top level - structs:325.vcb_307d2a_2782
		at io.jenkins.tools.pluginmanager.impl.PluginManager.resolveRecursiveDependencies(PluginManager.java:1145)
		at io.jenkins.tools.pluginmanager.impl.PluginManager.findPluginsAndDependencies(PluginManager.java:701)
		at io.jenkins.tools.pluginmanager.impl.PluginManager.start(PluginManager.java:232)
		... 2 more
	Suppressed: io.jenkins.tools.pluginmanager.impl.PluginDependencyException: Plugin kubernetes:4358.vcfd9c5a_0a_f51 (via workflow-durable-task-step:1434.v1b_595c29ddd7) depends on script-security:1369.v9b_98a_4e95b_2d, but there is an older version defined on the top level - script-security:1333.v3e8a_eb_e38390
		at io.jenkins.tools.pluginmanager.impl.PluginManager.resolveRecursiveDependencies(PluginManager.java:1145)
		at io.jenkins.tools.pluginmanager.impl.PluginManager.findPluginsAndDependencies(PluginManager.java:701)
		at io.jenkins.tools.pluginmanager.impl.PluginManager.start(PluginManager.java:232)
		... 2 more
	Suppressed: io.jenkins.tools.pluginmanager.impl.PluginDependencyException: Plugin kubernetes:4358.vcfd9c5a_0a_f51 (via workflow-durable-task-step:1434.v1b_595c29ddd7) depends on structs:338.v848422169819, but there is an older version defined on the top level - structs:325.vcb_307d2a_2782
		at io.jenkins.tools.pluginmanager.impl.PluginManager.resolveRecursiveDependencies(PluginManager.java:1145)
		at io.jenkins.tools.pluginmanager.impl.PluginManager.findPluginsAndDependencies(PluginManager.java:701)
		at io.jenkins.tools.pluginmanager.impl.PluginManager.start(PluginManager.java:232)
		... 2 more
	Suppressed: io.jenkins.tools.pluginmanager.impl.PluginDependencyException: Plugin kubernetes:4358.vcfd9c5a_0a_f51 (via workflow-step-api:700.v6e45cb_a_5a_a_21) depends on structs:338.v848422169819, but there is an older version defined on the top level - structs:325.vcb_307d2a_2782
		at io.jenkins.tools.pluginmanager.impl.PluginManager.resolveRecursiveDependencies(PluginManager.java:1145)
		at io.jenkins.tools.pluginmanager.impl.PluginManager.findPluginsAndDependencies(PluginManager.java:701)
		at io.jenkins.tools.pluginmanager.impl.PluginManager.start(PluginManager.java:232)
		... 2 more
	Suppressed: io.jenkins.tools.pluginmanager.impl.PluginDependencyException: Plugin kubernetes:4358.vcfd9c5a_0a_f51 (via authentication-tokens:1.131.v7199556c3004) depends on credentials:1405.vb_cda_74a_f8974, but there is an older version defined on the top level - credentials:1311.vcf0a_5efa_294f
		at io.jenkins.tools.pluginmanager.impl.PluginManager.resolveRecursiveDependencies(PluginManager.java:1145)
		at io.jenkins.tools.pluginmanager.impl.PluginManager.findPluginsAndDependencies(PluginManager.java:701)
		at io.jenkins.tools.pluginmanager.impl.PluginManager.start(PluginManager.java:232)
		... 2 more
	Suppressed: io.jenkins.tools.pluginmanager.impl.PluginDependencyException: Plugin kubernetes:4358.vcfd9c5a_0a_f51 (via cloudbees-folder:6.1026.ve06dfa_cf31c3) depends on credentials:1405.vb_cda_74a_f8974, but there is an older version defined on the top level - credentials:1311.vcf0a_5efa_294f
		at io.jenkins.tools.pluginmanager.impl.PluginManager.resolveRecursiveDependencies(PluginManager.java:1145)
		at io.jenkins.tools.pluginmanager.impl.PluginManager.findPluginsAndDependencies(PluginManager.java:701)
		at io.jenkins.tools.pluginmanager.impl.PluginManager.start(PluginManager.java:232)
		... 2 more
	Suppressed: io.jenkins.tools.pluginmanager.impl.PluginDependencyException: Plugin kubernetes:4358.vcfd9c5a_0a_f51 (via credentials-binding:687.v619cb_15e923f) depends on credentials:1381.v2c3a_12074da_b_, but there is an older version defined on the top level - credentials:1311.vcf0a_5efa_294f
		at io.jenkins.tools.pluginmanager.impl.PluginManager.resolveRecursiveDependencies(PluginManager.java:1145)
		at io.jenkins.tools.pluginmanager.impl.PluginManager.findPluginsAndDependencies(PluginManager.java:701)
		at io.jenkins.tools.pluginmanager.impl.PluginManager.start(PluginManager.java:232)
		... 2 more
	Suppressed: io.jenkins.tools.pluginmanager.impl.PluginDependencyException: Plugin kubernetes:4358.vcfd9c5a_0a_f51 (via credentials-binding:687.v619cb_15e923f) depends on structs:338.v848422169819, but there is an older version defined on the top level - structs:325.vcb_307d2a_2782
		at io.jenkins.tools.pluginmanager.impl.PluginManager.resolveRecursiveDependencies(PluginManager.java:1145)
		at io.jenkins.tools.pluginmanager.impl.PluginManager.findPluginsAndDependencies(PluginManager.java:701)
		at io.jenkins.tools.pluginmanager.impl.PluginManager.start(PluginManager.java:232)
		... 2 more
	Suppressed: io.jenkins.tools.pluginmanager.impl.PluginDependencyException: Plugin kubernetes:4358.vcfd9c5a_0a_f51 (via credentials:1415.v831096eb_5534) depends on structs:338.v848422169819, but there is an older version defined on the top level - structs:325.vcb_307d2a_2782
		at io.jenkins.tools.pluginmanager.impl.PluginManager.resolveRecursiveDependencies(PluginManager.java:1145)
		at io.jenkins.tools.pluginmanager.impl.PluginManager.findPluginsAndDependencies(PluginManager.java:701)
		at io.jenkins.tools.pluginmanager.impl.PluginManager.start(PluginManager.java:232)
		... 2 more
	Suppressed: io.jenkins.tools.pluginmanager.impl.PluginDependencyException: Plugin kubernetes:4358.vcfd9c5a_0a_f51 (via plain-credentials:199.v9f8e1f741799) depends on credentials:1408.va_622a_b_f5b_1b_1, but there is an older version defined on the top level - credentials:1311.vcf0a_5efa_294f
		at io.jenkins.tools.pluginmanager.impl.PluginManager.resolveRecursiveDependencies(PluginManager.java:1145)
		at io.jenkins.tools.pluginmanager.impl.PluginManager.findPluginsAndDependencies(PluginManager.java:701)
		at io.jenkins.tools.pluginmanager.impl.PluginManager.start(PluginManager.java:232)
		... 2 more
	Suppressed: io.jenkins.tools.pluginmanager.impl.PluginDependencyException: Plugin kubernetes:4358.vcfd9c5a_0a_f51 (via kubernetes-credentials:203.v85b_9836a_f44b_) depends on credentials:1415.v831096eb_5534, but there is an older version defined on the top level - credentials:1311.vcf0a_5efa_294f
		at io.jenkins.tools.pluginmanager.impl.PluginManager.resolveRecursiveDependencies(PluginManager.java:1145)
		at io.jenkins.tools.pluginmanager.impl.PluginManager.findPluginsAndDependencies(PluginManager.java:701)
		at io.jenkins.tools.pluginmanager.impl.PluginManager.start(PluginManager.java:232)
		... 2 more
	Suppressed: io.jenkins.tools.pluginmanager.impl.PluginDependencyException: Plugin kubernetes:4358.vcfd9c5a_0a_f51 (via workflow-api:1373.v7b_813f10efa_b_->scm-api:704.v3ce5c542825a_) depends on structs:338.v848422169819, but there is an older version defined on the top level - structs:325.vcb_307d2a_2782
		at io.jenkins.tools.pluginmanager.impl.PluginManager.resolveRecursiveDependencies(PluginManager.java:1145)
		at io.jenkins.tools.pluginmanager.impl.PluginManager.findPluginsAndDependencies(PluginManager.java:701)
		at io.jenkins.tools.pluginmanager.impl.PluginManager.start(PluginManager.java:232)
		... 2 more
	Suppressed: io.jenkins.tools.pluginmanager.impl.PluginDependencyException: Plugin kubernetes:4358.vcfd9c5a_0a_f51 (via workflow-durable-task-step:1434.v1b_595c29ddd7->workflow-support:968.v8f17397e87b_8) depends on script-security:1369.v9b_98a_4e95b_2d, but there is an older version defined on the top level - script-security:1333.v3e8a_eb_e38390
		at io.jenkins.tools.pluginmanager.impl.PluginManager.resolveRecursiveDependencies(PluginManager.java:1145)
		at io.jenkins.tools.pluginmanager.impl.PluginManager.findPluginsAndDependencies(PluginManager.java:701)
		at io.jenkins.tools.pluginmanager.impl.PluginManager.start(PluginManager.java:232)
		... 2 more
	Suppressed: io.jenkins.tools.pluginmanager.impl.PluginDependencyException: Plugin kubernetes:4358.vcfd9c5a_0a_f51 (via credentials-binding:687.v619cb_15e923f->ssh-credentials:359.v2191c4cf635f) depends on credentials:1405.vb_cda_74a_f8974, but there is an older version defined on the top level - credentials:1311.vcf0a_5efa_294f
		at io.jenkins.tools.pluginmanager.impl.PluginManager.resolveRecursiveDependencies(PluginManager.java:1145)
		at io.jenkins.tools.pluginmanager.impl.PluginManager.findPluginsAndDependencies(PluginManager.java:701)
		at io.jenkins.tools.pluginmanager.impl.PluginManager.start(PluginManager.java:232)
		... 2 more
	Suppressed: io.jenkins.tools.pluginmanager.impl.PluginDependencyException: Plugin workflow-aggregator:608.v67378e9d3db_1 (via pipeline-groovy-lib:752.vdddedf804e72) depends on script-security:1369.v9b_98a_4e95b_2d, but there is an older version defined on the top level - script-security:1333.v3e8a_eb_e38390
		at io.jenkins.tools.pluginmanager.impl.PluginManager.resolveRecursiveDependencies(PluginManager.java:1145)
		at io.jenkins.tools.pluginmanager.impl.PluginManager.findPluginsAndDependencies(PluginManager.java:701)
		at io.jenkins.tools.pluginmanager.impl.PluginManager.start(PluginManager.java:232)
		... 2 more
	Suppressed: io.jenkins.tools.pluginmanager.impl.PluginDependencyException: Plugin workflow-aggregator:608.v67378e9d3db_1 (via pipeline-groovy-lib:752.vdddedf804e72) depends on structs:338.v848422169819, but there is an older version defined on the top level - structs:325.vcb_307d2a_2782
		at io.jenkins.tools.pluginmanager.impl.PluginManager.resolveRecursiveDependencies(PluginManager.java:1145)
		at io.jenkins.tools.pluginmanager.impl.PluginManager.findPluginsAndDependencies(PluginManager.java:701)
		at io.jenkins.tools.pluginmanager.impl.PluginManager.start(PluginManager.java:232)
		... 2 more
	Suppressed: io.jenkins.tools.pluginmanager.impl.PluginDependencyException: Plugin workflow-aggregator:608.v67378e9d3db_1 (via workflow-basic-steps:1079.vce64b_a_929c5a_) depends on structs:338.v848422169819, but there is an older version defined on the top level - structs:325.vcb_307d2a_2782
		at io.jenkins.tools.pluginmanager.impl.PluginManager.resolveRecursiveDependencies(PluginManager.java:1145)
		at io.jenkins.tools.pluginmanager.impl.PluginManager.findPluginsAndDependencies(PluginManager.java:701)
		at io.jenkins.tools.pluginmanager.impl.PluginManager.start(PluginManager.java:232)
		... 2 more
	Suppressed: io.jenkins.tools.pluginmanager.impl.PluginDependencyException: Plugin workflow-aggregator:608.v67378e9d3db_1 (via workflow-cps:4150.ve20ca_b_a_a_2815) depends on script-security:1373.vb_b_4a_a_c26fa_00, but there is an older version defined on the top level - script-security:1333.v3e8a_eb_e38390
		at io.jenkins.tools.pluginmanager.impl.PluginManager.resolveRecursiveDependencies(PluginManager.java:1145)
		at io.jenkins.tools.pluginmanager.impl.PluginManager.findPluginsAndDependencies(PluginManager.java:701)
		at io.jenkins.tools.pluginmanager.impl.PluginManager.start(PluginManager.java:232)
		... 2 more
	Suppressed: io.jenkins.tools.pluginmanager.impl.PluginDependencyException: Plugin workflow-aggregator:608.v67378e9d3db_1 (via workflow-cps:4150.ve20ca_b_a_a_2815) depends on structs:343.vdcf37b_a_c81d5, but there is an older version defined on the top level - structs:325.vcb_307d2a_2782
		at io.jenkins.tools.pluginmanager.impl.PluginManager.resolveRecursiveDependencies(PluginManager.java:1145)
		at io.jenkins.tools.pluginmanager.impl.PluginManager.findPluginsAndDependencies(PluginManager.java:701)
		at io.jenkins.tools.pluginmanager.impl.PluginManager.start(PluginManager.java:232)
		... 2 more
	Suppressed: io.jenkins.tools.pluginmanager.impl.PluginDependencyException: Plugin workflow-aggregator:608.v67378e9d3db_1 (via workflow-durable-task-step:1434.v1b_595c29ddd7) depends on script-security:1369.v9b_98a_4e95b_2d, but there is an older version defined on the top level - script-security:1333.v3e8a_eb_e38390
		at io.jenkins.tools.pluginmanager.impl.PluginManager.resolveRecursiveDependencies(PluginManager.java:1145)
		at io.jenkins.tools.pluginmanager.impl.PluginManager.findPluginsAndDependencies(PluginManager.java:701)
		at io.jenkins.tools.pluginmanager.impl.PluginManager.start(PluginManager.java:232)
		... 2 more
	Suppressed: io.jenkins.tools.pluginmanager.impl.PluginDependencyException: Plugin workflow-aggregator:608.v67378e9d3db_1 (via workflow-durable-task-step:1434.v1b_595c29ddd7) depends on structs:338.v848422169819, but there is an older version defined on the top level - structs:325.vcb_307d2a_2782
		at io.jenkins.tools.pluginmanager.impl.PluginManager.resolveRecursiveDependencies(PluginManager.java:1145)
		at io.jenkins.tools.pluginmanager.impl.PluginManager.findPluginsAndDependencies(PluginManager.java:701)
		at io.jenkins.tools.pluginmanager.impl.PluginManager.start(PluginManager.java:232)
		... 2 more
	Suppressed: io.jenkins.tools.pluginmanager.impl.PluginDependencyException: Plugin workflow-aggregator:608.v67378e9d3db_1 (via workflow-multibranch:806.vb_b_688f609ee9) depends on script-security:1369.v9b_98a_4e95b_2d, but there is an older version defined on the top level - script-security:1333.v3e8a_eb_e38390
		at io.jenkins.tools.pluginmanager.impl.PluginManager.resolveRecursiveDependencies(PluginManager.java:1145)
		at io.jenkins.tools.pluginmanager.impl.PluginManager.findPluginsAndDependencies(PluginManager.java:701)
		at io.jenkins.tools.pluginmanager.impl.PluginManager.start(PluginManager.java:232)
		... 2 more
	Suppressed: io.jenkins.tools.pluginmanager.impl.PluginDependencyException: Plugin workflow-aggregator:608.v67378e9d3db_1 (via pipeline-build-step:571.v08a_fffd4b_0ce) depends on script-security:1369.v9b_98a_4e95b_2d, but there is an older version defined on the top level - script-security:1333.v3e8a_eb_e38390
		at io.jenkins.tools.pluginmanager.impl.PluginManager.resolveRecursiveDependencies(PluginManager.java:1145)
		at io.jenkins.tools.pluginmanager.impl.PluginManager.findPluginsAndDependencies(PluginManager.java:701)
		at io.jenkins.tools.pluginmanager.impl.PluginManager.start(PluginManager.java:232)
		... 2 more
	Suppressed: io.jenkins.tools.pluginmanager.impl.PluginDependencyException: Plugin workflow-aggregator:608.v67378e9d3db_1 (via pipeline-build-step:571.v08a_fffd4b_0ce) depends on structs:338.v848422169819, but there is an older version defined on the top level - structs:325.vcb_307d2a_2782
		at io.jenkins.tools.pluginmanager.impl.PluginManager.resolveRecursiveDependencies(PluginManager.java:1145)
		at io.jenkins.tools.pluginmanager.impl.PluginManager.findPluginsAndDependencies(PluginManager.java:701)
		at io.jenkins.tools.pluginmanager.impl.PluginManager.start(PluginManager.java:232)
		... 2 more
	Suppressed: io.jenkins.tools.pluginmanager.impl.PluginDependencyException: Plugin workflow-aggregator:608.v67378e9d3db_1 (via pipeline-input-step:527.vd61b_1d3c5078) depends on credentials:1405.vb_cda_74a_f8974, but there is an older version defined on the top level - credentials:1311.vcf0a_5efa_294f
		at io.jenkins.tools.pluginmanager.impl.PluginManager.resolveRecursiveDependencies(PluginManager.java:1145)
		at io.jenkins.tools.pluginmanager.impl.PluginManager.findPluginsAndDependencies(PluginManager.java:701)
		at io.jenkins.tools.pluginmanager.impl.PluginManager.start(PluginManager.java:232)
		... 2 more
	Suppressed: io.jenkins.tools.pluginmanager.impl.PluginDependencyException: Plugin workflow-aggregator:608.v67378e9d3db_1 (via pipeline-input-step:527.vd61b_1d3c5078) depends on structs:338.v848422169819, but there is an older version defined on the top level - structs:325.vcb_307d2a_2782
		at io.jenkins.tools.pluginmanager.impl.PluginManager.resolveRecursiveDependencies(PluginManager.java:1145)
		at io.jenkins.tools.pluginmanager.impl.PluginManager.findPluginsAndDependencies(PluginManager.java:701)
		at io.jenkins.tools.pluginmanager.impl.PluginManager.start(PluginManager.java:232)
		... 2 more
	Suppressed: io.jenkins.tools.pluginmanager.impl.PluginDependencyException: Plugin workflow-aggregator:608.v67378e9d3db_1 (via pipeline-model-definition:2.2255.v56a_15e805f12) depends on credentials:1408.va_622a_b_f5b_1b_1, but there is an older version defined on the top level - credentials:1311.vcf0a_5efa_294f
		at io.jenkins.tools.pluginmanager.impl.PluginManager.resolveRecursiveDependencies(PluginManager.java:1145)
		at io.jenkins.tools.pluginmanager.impl.PluginManager.findPluginsAndDependencies(PluginManager.java:701)
		at io.jenkins.tools.pluginmanager.impl.PluginManager.start(PluginManager.java:232)
		... 2 more
	Suppressed: io.jenkins.tools.pluginmanager.impl.PluginDependencyException: Plugin workflow-aggregator:608.v67378e9d3db_1 (via pipeline-model-definition:2.2255.v56a_15e805f12) depends on structs:338.v848422169819, but there is an older version defined on the top level - structs:325.vcb_307d2a_2782
		at io.jenkins.tools.pluginmanager.impl.PluginManager.resolveRecursiveDependencies(PluginManager.java:1145)
		at io.jenkins.tools.pluginmanager.impl.PluginManager.findPluginsAndDependencies(PluginManager.java:701)
		at io.jenkins.tools.pluginmanager.impl.PluginManager.start(PluginManager.java:232)
		... 2 more
	Suppressed: io.jenkins.tools.pluginmanager.impl.PluginDependencyException: Plugin workflow-aggregator:608.v67378e9d3db_1 (via pipeline-groovy-lib:752.vdddedf804e72->workflow-step-api:700.v6e45cb_a_5a_a_21) depends on structs:338.v848422169819, but there is an older version defined on the top level - structs:325.vcb_307d2a_2782
		at io.jenkins.tools.pluginmanager.impl.PluginManager.resolveRecursiveDependencies(PluginManager.java:1145)
		at io.jenkins.tools.pluginmanager.impl.PluginManager.findPluginsAndDependencies(PluginManager.java:701)
		at io.jenkins.tools.pluginmanager.impl.PluginManager.start(PluginManager.java:232)
		... 2 more
	Suppressed: io.jenkins.tools.pluginmanager.impl.PluginDependencyException: Plugin workflow-aggregator:608.v67378e9d3db_1 (via pipeline-groovy-lib:752.vdddedf804e72->cloudbees-folder:6.1026.ve06dfa_cf31c3) depends on credentials:1405.vb_cda_74a_f8974, but there is an older version defined on the top level - credentials:1311.vcf0a_5efa_294f
		at io.jenkins.tools.pluginmanager.impl.PluginManager.resolveRecursiveDependencies(PluginManager.java:1145)
		at io.jenkins.tools.pluginmanager.impl.PluginManager.findPluginsAndDependencies(PluginManager.java:701)
		at io.jenkins.tools.pluginmanager.impl.PluginManager.start(PluginManager.java:232)
		... 2 more
	Suppressed: io.jenkins.tools.pluginmanager.impl.PluginDependencyException: Plugin workflow-aggregator:608.v67378e9d3db_1 (via pipeline-groovy-lib:752.vdddedf804e72->scm-api:704.v3ce5c542825a_) depends on structs:338.v848422169819, but there is an older version defined on the top level - structs:325.vcb_307d2a_2782
		at io.jenkins.tools.pluginmanager.impl.PluginManager.resolveRecursiveDependencies(PluginManager.java:1145)
		at io.jenkins.tools.pluginmanager.impl.PluginManager.findPluginsAndDependencies(PluginManager.java:701)
		at io.jenkins.tools.pluginmanager.impl.PluginManager.start(PluginManager.java:232)
		... 2 more
	Suppressed: io.jenkins.tools.pluginmanager.impl.PluginDependencyException: Plugin workflow-aggregator:608.v67378e9d3db_1 (via workflow-cps:4150.ve20ca_b_a_a_2815->workflow-support:968.v8f17397e87b_8) depends on script-security:1369.v9b_98a_4e95b_2d, but there is an older version defined on the top level - script-security:1333.v3e8a_eb_e38390
		at io.jenkins.tools.pluginmanager.impl.PluginManager.resolveRecursiveDependencies(PluginManager.java:1145)
		at io.jenkins.tools.pluginmanager.impl.PluginManager.findPluginsAndDependencies(PluginManager.java:701)
		at io.jenkins.tools.pluginmanager.impl.PluginManager.start(PluginManager.java:232)
		... 2 more
	Suppressed: io.jenkins.tools.pluginmanager.impl.PluginDependencyException: Plugin workflow-aggregator:608.v67378e9d3db_1 (via pipeline-input-step:527.vd61b_1d3c5078->credentials:1405.vb_cda_74a_f8974) depends on structs:338.v848422169819, but there is an older version defined on the top level - structs:325.vcb_307d2a_2782
		at io.jenkins.tools.pluginmanager.impl.PluginManager.resolveRecursiveDependencies(PluginManager.java:1145)
		at io.jenkins.tools.pluginmanager.impl.PluginManager.findPluginsAndDependencies(PluginManager.java:701)
		at io.jenkins.tools.pluginmanager.impl.PluginManager.start(PluginManager.java:232)
		... 2 more
	Suppressed: io.jenkins.tools.pluginmanager.impl.PluginDependencyException: Plugin workflow-aggregator:608.v67378e9d3db_1 (via pipeline-model-definition:2.2255.v56a_15e805f12->credentials-binding:687.v619cb_15e923f) depends on credentials:1381.v2c3a_12074da_b_, but there is an older version defined on the top level - credentials:1311.vcf0a_5efa_294f
		at io.jenkins.tools.pluginmanager.impl.PluginManager.resolveRecursiveDependencies(PluginManager.java:1145)
		at io.jenkins.tools.pluginmanager.impl.PluginManager.findPluginsAndDependencies(PluginManager.java:701)
		at io.jenkins.tools.pluginmanager.impl.PluginManager.start(PluginManager.java:232)
		... 2 more
	Suppressed: io.jenkins.tools.pluginmanager.impl.PluginDependencyException: Plugin workflow-aggregator:608.v67378e9d3db_1 (via pipeline-model-definition:2.2255.v56a_15e805f12->credentials-binding:687.v619cb_15e923f) depends on structs:338.v848422169819, but there is an older version defined on the top level - structs:325.vcb_307d2a_2782
		at io.jenkins.tools.pluginmanager.impl.PluginManager.resolveRecursiveDependencies(PluginManager.java:1145)
		at io.jenkins.tools.pluginmanager.impl.PluginManager.findPluginsAndDependencies(PluginManager.java:701)
		at io.jenkins.tools.pluginmanager.impl.PluginManager.start(PluginManager.java:232)
		... 2 more
	Suppressed: io.jenkins.tools.pluginmanager.impl.PluginDependencyException: Plugin workflow-aggregator:608.v67378e9d3db_1 (via pipeline-model-definition:2.2255.v56a_15e805f12->credentials:1408.va_622a_b_f5b_1b_1) depends on structs:338.v848422169819, but there is an older version defined on the top level - structs:325.vcb_307d2a_2782
		at io.jenkins.tools.pluginmanager.impl.PluginManager.resolveRecursiveDependencies(PluginManager.java:1145)
		at io.jenkins.tools.pluginmanager.impl.PluginManager.findPluginsAndDependencies(PluginManager.java:701)
		at io.jenkins.tools.pluginmanager.impl.PluginManager.start(PluginManager.java:232)
		... 2 more
	Suppressed: io.jenkins.tools.pluginmanager.impl.PluginDependencyException: Plugin workflow-aggregator:608.v67378e9d3db_1 (via pipeline-model-definition:2.2255.v56a_15e805f12->pipeline-model-api:2.2255.v56a_15e805f12) depends on structs:338.v848422169819, but there is an older version defined on the top level - structs:325.vcb_307d2a_2782
		at io.jenkins.tools.pluginmanager.impl.PluginManager.resolveRecursiveDependencies(PluginManager.java:1145)
		at io.jenkins.tools.pluginmanager.impl.PluginManager.findPluginsAndDependencies(PluginManager.java:701)
		at io.jenkins.tools.pluginmanager.impl.PluginManager.start(PluginManager.java:232)
		... 2 more
	Suppressed: io.jenkins.tools.pluginmanager.impl.PluginDependencyException: Plugin workflow-aggregator:608.v67378e9d3db_1 (via pipeline-model-definition:2.2255.v56a_15e805f12->pipeline-model-extensions:2.2255.v56a_15e805f12) depends on credentials:1408.va_622a_b_f5b_1b_1, but there is an older version defined on the top level - credentials:1311.vcf0a_5efa_294f
		at io.jenkins.tools.pluginmanager.impl.PluginManager.resolveRecursiveDependencies(PluginManager.java:1145)
		at io.jenkins.tools.pluginmanager.impl.PluginManager.findPluginsAndDependencies(PluginManager.java:701)
		at io.jenkins.tools.pluginmanager.impl.PluginManager.start(PluginManager.java:232)
		... 2 more
	Suppressed: io.jenkins.tools.pluginmanager.impl.PluginDependencyException: Plugin workflow-aggregator:608.v67378e9d3db_1 (via pipeline-model-definition:2.2255.v56a_15e805f12->credentials-binding:687.v619cb_15e923f->plain-credentials:199.v9f8e1f741799) depends on credentials:1408.va_622a_b_f5b_1b_1, but there is an older version defined on the top level - credentials:1311.vcf0a_5efa_294f
		at io.jenkins.tools.pluginmanager.impl.PluginManager.resolveRecursiveDependencies(PluginManager.java:1145)
		at io.jenkins.tools.pluginmanager.impl.PluginManager.findPluginsAndDependencies(PluginManager.java:701)
		at io.jenkins.tools.pluginmanager.impl.PluginManager.start(PluginManager.java:232)
		... 2 more
	Suppressed: io.jenkins.tools.pluginmanager.impl.PluginDependencyException: Plugin workflow-aggregator:608.v67378e9d3db_1 (via pipeline-model-definition:2.2255.v56a_15e805f12->credentials-binding:687.v619cb_15e923f->ssh-credentials:359.v2191c4cf635f) depends on credentials:1405.vb_cda_74a_f8974, but there is an older version defined on the top level - credentials:1311.vcf0a_5efa_294f
		at io.jenkins.tools.pluginmanager.impl.PluginManager.resolveRecursiveDependencies(PluginManager.java:1145)
		at io.jenkins.tools.pluginmanager.impl.PluginManager.findPluginsAndDependencies(PluginManager.java:701)
		at io.jenkins.tools.pluginmanager.impl.PluginManager.start(PluginManager.java:232)
		... 2 more
	Suppressed: io.jenkins.tools.pluginmanager.impl.PluginDependencyException: Plugin git:5.7.0 depends on credentials:1405.vb_cda_74a_f8974, but there is an older version defined on the top level - credentials:1311.vcf0a_5efa_294f
		at io.jenkins.tools.pluginmanager.impl.PluginManager.resolveRecursiveDependencies(PluginManager.java:1145)
		at io.jenkins.tools.pluginmanager.impl.PluginManager.findPluginsAndDependencies(PluginManager.java:701)
		at io.jenkins.tools.pluginmanager.impl.PluginManager.start(PluginManager.java:232)
		... 2 more
	Suppressed: io.jenkins.tools.pluginmanager.impl.PluginDependencyException: Plugin git:5.7.0 depends on script-security:1369.v9b_98a_4e95b_2d, but there is an older version defined on the top level - script-security:1333.v3e8a_eb_e38390
		at io.jenkins.tools.pluginmanager.impl.PluginManager.resolveRecursiveDependencies(PluginManager.java:1145)
		at io.jenkins.tools.pluginmanager.impl.PluginManager.findPluginsAndDependencies(PluginManager.java:701)
		at io.jenkins.tools.pluginmanager.impl.PluginManager.start(PluginManager.java:232)
		... 2 more
	Suppressed: io.jenkins.tools.pluginmanager.impl.PluginDependencyException: Plugin git:5.7.0 depends on structs:338.v848422169819, but there is an older version defined on the top level - structs:325.vcb_307d2a_2782
		at io.jenkins.tools.pluginmanager.impl.PluginManager.resolveRecursiveDependencies(PluginManager.java:1145)
		at io.jenkins.tools.pluginmanager.impl.PluginManager.findPluginsAndDependencies(PluginManager.java:701)
		at io.jenkins.tools.pluginmanager.impl.PluginManager.start(PluginManager.java:232)
		... 2 more
	Suppressed: io.jenkins.tools.pluginmanager.impl.PluginDependencyException: Plugin git:5.7.0 (via workflow-step-api:700.v6e45cb_a_5a_a_21) depends on structs:338.v848422169819, but there is an older version defined on the top level - structs:325.vcb_307d2a_2782
		at io.jenkins.tools.pluginmanager.impl.PluginManager.resolveRecursiveDependencies(PluginManager.java:1145)
		at io.jenkins.tools.pluginmanager.impl.PluginManager.findPluginsAndDependencies(PluginManager.java:701)
		at io.jenkins.tools.pluginmanager.impl.PluginManager.start(PluginManager.java:232)
		... 2 more
	Suppressed: io.jenkins.tools.pluginmanager.impl.PluginDependencyException: Plugin git:5.7.0 (via credentials-binding:687.v619cb_15e923f) depends on credentials:1381.v2c3a_12074da_b_, but there is an older version defined on the top level - credentials:1311.vcf0a_5efa_294f
		at io.jenkins.tools.pluginmanager.impl.PluginManager.resolveRecursiveDependencies(PluginManager.java:1145)
		at io.jenkins.tools.pluginmanager.impl.PluginManager.findPluginsAndDependencies(PluginManager.java:701)
		at io.jenkins.tools.pluginmanager.impl.PluginManager.start(PluginManager.java:232)
		... 2 more
	Suppressed: io.jenkins.tools.pluginmanager.impl.PluginDependencyException: Plugin git:5.7.0 (via credentials-binding:687.v619cb_15e923f) depends on structs:338.v848422169819, but there is an older version defined on the top level - structs:325.vcb_307d2a_2782
		at io.jenkins.tools.pluginmanager.impl.PluginManager.resolveRecursiveDependencies(PluginManager.java:1145)
		at io.jenkins.tools.pluginmanager.impl.PluginManager.findPluginsAndDependencies(PluginManager.java:701)
		at io.jenkins.tools.pluginmanager.impl.PluginManager.start(PluginManager.java:232)
		... 2 more
	Suppressed: io.jenkins.tools.pluginmanager.impl.PluginDependencyException: Plugin git:5.7.0 (via credentials:1405.vb_cda_74a_f8974) depends on structs:338.v848422169819, but there is an older version defined on the top level - structs:325.vcb_307d2a_2782
		at io.jenkins.tools.pluginmanager.impl.PluginManager.resolveRecursiveDependencies(PluginManager.java:1145)
		at io.jenkins.tools.pluginmanager.impl.PluginManager.findPluginsAndDependencies(PluginManager.java:701)
		at io.jenkins.tools.pluginmanager.impl.PluginManager.start(PluginManager.java:232)
		... 2 more
	Suppressed: io.jenkins.tools.pluginmanager.impl.PluginDependencyException: Plugin git:5.7.0 (via git-client:6.2.0) depends on credentials:1415.v831096eb_5534, but there is an older version defined on the top level - credentials:1311.vcf0a_5efa_294f
		at io.jenkins.tools.pluginmanager.impl.PluginManager.resolveRecursiveDependencies(PluginManager.java:1145)
		at io.jenkins.tools.pluginmanager.impl.PluginManager.findPluginsAndDependencies(PluginManager.java:701)
		at io.jenkins.tools.pluginmanager.impl.PluginManager.start(PluginManager.java:232)
		... 2 more
	Suppressed: io.jenkins.tools.pluginmanager.impl.PluginDependencyException: Plugin git:5.7.0 (via git-client:6.2.0) depends on script-security:1373.vb_b_4a_a_c26fa_00, but there is an older version defined on the top level - script-security:1333.v3e8a_eb_e38390
		at io.jenkins.tools.pluginmanager.impl.PluginManager.resolveRecursiveDependencies(PluginManager.java:1145)
		at io.jenkins.tools.pluginmanager.impl.PluginManager.findPluginsAndDependencies(PluginManager.java:701)
		at io.jenkins.tools.pluginmanager.impl.PluginManager.start(PluginManager.java:232)
		... 2 more
	Suppressed: io.jenkins.tools.pluginmanager.impl.PluginDependencyException: Plugin git:5.7.0 (via git-client:6.2.0) depends on structs:350.v3b_30f09f2363, but there is an older version defined on the top level - structs:325.vcb_307d2a_2782
		at io.jenkins.tools.pluginmanager.impl.PluginManager.resolveRecursiveDependencies(PluginManager.java:1145)
		at io.jenkins.tools.pluginmanager.impl.PluginManager.findPluginsAndDependencies(PluginManager.java:701)
		at io.jenkins.tools.pluginmanager.impl.PluginManager.start(PluginManager.java:232)
		... 2 more
	Suppressed: io.jenkins.tools.pluginmanager.impl.PluginDependencyException: Plugin git:5.7.0 (via scm-api:704.v3ce5c542825a_) depends on structs:338.v848422169819, but there is an older version defined on the top level - structs:325.vcb_307d2a_2782
		at io.jenkins.tools.pluginmanager.impl.PluginManager.resolveRecursiveDependencies(PluginManager.java:1145)
		at io.jenkins.tools.pluginmanager.impl.PluginManager.findPluginsAndDependencies(PluginManager.java:701)
		at io.jenkins.tools.pluginmanager.impl.PluginManager.start(PluginManager.java:232)
		... 2 more
	Suppressed: io.jenkins.tools.pluginmanager.impl.PluginDependencyException: Plugin git:5.7.0 (via ssh-credentials:359.v2191c4cf635f) depends on credentials:1405.vb_cda_74a_f8974, but there is an older version defined on the top level - credentials:1311.vcf0a_5efa_294f
		at io.jenkins.tools.pluginmanager.impl.PluginManager.resolveRecursiveDependencies(PluginManager.java:1145)
		at io.jenkins.tools.pluginmanager.impl.PluginManager.findPluginsAndDependencies(PluginManager.java:701)
		at io.jenkins.tools.pluginmanager.impl.PluginManager.start(PluginManager.java:232)
		... 2 more
	Suppressed: io.jenkins.tools.pluginmanager.impl.PluginDependencyException: Plugin git:5.7.0 (via credentials-binding:687.v619cb_15e923f->plain-credentials:199.v9f8e1f741799) depends on credentials:1408.va_622a_b_f5b_1b_1, but there is an older version defined on the top level - credentials:1311.vcf0a_5efa_294f
		at io.jenkins.tools.pluginmanager.impl.PluginManager.resolveRecursiveDependencies(PluginManager.java:1145)
		at io.jenkins.tools.pluginmanager.impl.PluginManager.findPluginsAndDependencies(PluginManager.java:701)
		at io.jenkins.tools.pluginmanager.impl.PluginManager.start(PluginManager.java:232)
		... 2 more
	Suppressed: io.jenkins.tools.pluginmanager.impl.PluginDependencyException: Plugin git:5.7.0 (via git-client:6.2.0->credentials:1415.v831096eb_5534) depends on structs:338.v848422169819, but there is an older version defined on the top level - structs:325.vcb_307d2a_2782
		at io.jenkins.tools.pluginmanager.impl.PluginManager.resolveRecursiveDependencies(PluginManager.java:1145)
		at io.jenkins.tools.pluginmanager.impl.PluginManager.findPluginsAndDependencies(PluginManager.java:701)
		at io.jenkins.tools.pluginmanager.impl.PluginManager.start(PluginManager.java:232)
		... 2 more
	Suppressed: io.jenkins.tools.pluginmanager.impl.PluginDependencyException: Plugin configuration-as-code:1971.vf9280461ea_89 (via prism-api:1.30.0-1->plugin-util-api:6.1.0->workflow-step-api:700.v6e45cb_a_5a_a_21) depends on structs:338.v848422169819, but there is an older version defined on the top level - structs:325.vcb_307d2a_2782
		at io.jenkins.tools.pluginmanager.impl.PluginManager.resolveRecursiveDependencies(PluginManager.java:1145)
		at io.jenkins.tools.pluginmanager.impl.PluginManager.findPluginsAndDependencies(PluginManager.java:701)
		at io.jenkins.tools.pluginmanager.impl.PluginManager.start(PluginManager.java:232)
		... 2 more
	Suppressed: io.jenkins.tools.pluginmanager.impl.PluginDependencyException: Plugin configuration-as-code:1971.vf9280461ea_89 (via prism-api:1.30.0-1->plugin-util-api:6.1.0->workflow-support:968.v8f17397e87b_8) depends on script-security:1369.v9b_98a_4e95b_2d, but there is an older version defined on the top level - script-security:1333.v3e8a_eb_e38390
		at io.jenkins.tools.pluginmanager.impl.PluginManager.resolveRecursiveDependencies(PluginManager.java:1145)
		at io.jenkins.tools.pluginmanager.impl.PluginManager.findPluginsAndDependencies(PluginManager.java:701)
		at io.jenkins.tools.pluginmanager.impl.PluginManager.start(PluginManager.java:232)
		... 2 more
	Suppressed: io.jenkins.tools.pluginmanager.impl.PluginDependencyException: Plugin configuration-as-code:1971.vf9280461ea_89 (via prism-api:1.30.0-1->plugin-util-api:6.1.0->workflow-api:1373.v7b_813f10efa_b_->scm-api:704.v3ce5c542825a_) depends on structs:338.v848422169819, but there is an older version defined on the top level - structs:325.vcb_307d2a_2782
		at io.jenkins.tools.pluginmanager.impl.PluginManager.resolveRecursiveDependencies(PluginManager.java:1145)
		at io.jenkins.tools.pluginmanager.impl.PluginManager.findPluginsAndDependencies(PluginManager.java:701)
		at io.jenkins.tools.pluginmanager.impl.PluginManager.start(PluginManager.java:232)
		... 2 more
	Suppressed: io.jenkins.tools.pluginmanager.impl.PluginDependencyException: Plugin credentials:1311.vcf0a_5efa_294f has unresolvable dependencies: Unable to resolve dependencies for credentials
		at io.jenkins.tools.pluginmanager.impl.PluginManager.resolveRecursiveDependencies(PluginManager.java:1122)
		at io.jenkins.tools.pluginmanager.impl.PluginManager.findPluginsAndDependencies(PluginManager.java:701)
		at io.jenkins.tools.pluginmanager.impl.PluginManager.start(PluginManager.java:232)
		... 2 more
	Caused by: io.jenkins.tools.pluginmanager.impl.DownloadPluginException: Unable to resolve dependencies for credentials
		at io.jenkins.tools.pluginmanager.impl.PluginManager.resolveDependenciesFromManifest(PluginManager.java:956)
		at io.jenkins.tools.pluginmanager.impl.PluginManager.resolveDirectDependencies(PluginManager.java:1074)
		at io.jenkins.tools.pluginmanager.impl.PluginManager.resolveRecursiveDependencies(PluginManager.java:1118)
		... 4 more
	Suppressed: io.jenkins.tools.pluginmanager.impl.PluginDependencyException: Plugin job-dsl:1.81 (via cloudbees-folder:6.1026.ve06dfa_cf31c3) depends on credentials:1405.vb_cda_74a_f8974, but there is an older version defined on the top level - credentials:1311.vcf0a_5efa_294f
		at io.jenkins.tools.pluginmanager.impl.PluginManager.resolveRecursiveDependencies(PluginManager.java:1145)
		at io.jenkins.tools.pluginmanager.impl.PluginManager.findPluginsAndDependencies(PluginManager.java:701)
		at io.jenkins.tools.pluginmanager.impl.PluginManager.start(PluginManager.java:232)
		... 2 more
	Suppressed: io.jenkins.tools.pluginmanager.impl.PluginDependencyException: Plugin job-dsl:1.81 (via branch-api:2.1226.ve1e7e0b_4b_95f->scm-api:704.v3ce5c542825a_) depends on structs:338.v848422169819, but there is an older version defined on the top level - structs:325.vcb_307d2a_2782
		at io.jenkins.tools.pluginmanager.impl.PluginManager.resolveRecursiveDependencies(PluginManager.java:1145)
		at io.jenkins.tools.pluginmanager.impl.PluginManager.findPluginsAndDependencies(PluginManager.java:701)
		at io.jenkins.tools.pluginmanager.impl.PluginManager.start(PluginManager.java:232)
		... 2 more
	Suppressed: io.jenkins.tools.pluginmanager.impl.PluginDependencyException: Plugin script-security:1333.v3e8a_eb_e38390 has unresolvable dependencies: Unable to resolve dependencies for script-security
		at io.jenkins.tools.pluginmanager.impl.PluginManager.resolveRecursiveDependencies(PluginManager.java:1122)
		at io.jenkins.tools.pluginmanager.impl.PluginManager.findPluginsAndDependencies(PluginManager.java:701)
		at io.jenkins.tools.pluginmanager.impl.PluginManager.start(PluginManager.java:232)
		... 2 more
	Caused by: io.jenkins.tools.pluginmanager.impl.DownloadPluginException: Unable to resolve dependencies for script-security
		at io.jenkins.tools.pluginmanager.impl.PluginManager.resolveDependenciesFromManifest(PluginManager.java:956)
		at io.jenkins.tools.pluginmanager.impl.PluginManager.resolveDirectDependencies(PluginManager.java:1074)
		at io.jenkins.tools.pluginmanager.impl.PluginManager.resolveRecursiveDependencies(PluginManager.java:1118)
		... 4 more
Multiple plugin prerequisites not met:
Plugin kubernetes:4358.vcfd9c5a_0a_f51 depends on credentials:1415.v831096eb_5534, but there is an older version defined on the top level - credentials:1311.vcf0a_5efa_294f,
Plugin kubernetes:4358.vcfd9c5a_0a_f51 depends on structs:350.v3b_30f09f2363, but there is an older version defined on the top level - structs:325.vcb_307d2a_2782,
Plugin kubernetes:4358.vcfd9c5a_0a_f51 (via workflow-durable-task-step:1434.v1b_595c29ddd7) depends on script-security:1369.v9b_98a_4e95b_2d, but there is an older version defined on the top level - script-security:1333.v3e8a_eb_e38390,
Plugin kubernetes:4358.vcfd9c5a_0a_f51 (via workflow-durable-task-step:1434.v1b_595c29ddd7) depends on structs:338.v848422169819, but there is an older version defined on the top level - structs:325.vcb_307d2a_2782,
Plugin kubernetes:4358.vcfd9c5a_0a_f51 (via workflow-step-api:700.v6e45cb_a_5a_a_21) depends on structs:338.v848422169819, but there is an older version defined on the top level - structs:325.vcb_307d2a_2782,
Plugin kubernetes:4358.vcfd9c5a_0a_f51 (via authentication-tokens:1.131.v7199556c3004) depends on credentials:1405.vb_cda_74a_f8974, but there is an older version defined on the top level - credentials:1311.vcf0a_5efa_294f,
Plugin kubernetes:4358.vcfd9c5a_0a_f51 (via cloudbees-folder:6.1026.ve06dfa_cf31c3) depends on credentials:1405.vb_cda_74a_f8974, but there is an older version defined on the top level - credentials:1311.vcf0a_5efa_294f,
Plugin kubernetes:4358.vcfd9c5a_0a_f51 (via credentials-binding:687.v619cb_15e923f) depends on credentials:1381.v2c3a_12074da_b_, but there is an older version defined on the top level - credentials:1311.vcf0a_5efa_294f,
Plugin kubernetes:4358.vcfd9c5a_0a_f51 (via credentials-binding:687.v619cb_15e923f) depends on structs:338.v848422169819, but there is an older version defined on the top level - structs:325.vcb_307d2a_2782,
Plugin kubernetes:4358.vcfd9c5a_0a_f51 (via credentials:1415.v831096eb_5534) depends on structs:338.v848422169819, but there is an older version defined on the top level - structs:325.vcb_307d2a_2782,
Plugin kubernetes:4358.vcfd9c5a_0a_f51 (via plain-credentials:199.v9f8e1f741799) depends on credentials:1408.va_622a_b_f5b_1b_1, but there is an older version defined on the top level - credentials:1311.vcf0a_5efa_294f,
Plugin kubernetes:4358.vcfd9c5a_0a_f51 (via kubernetes-credentials:203.v85b_9836a_f44b_) depends on credentials:1415.v831096eb_5534, but there is an older version defined on the top level - credentials:1311.vcf0a_5efa_294f,
Plugin kubernetes:4358.vcfd9c5a_0a_f51 (via workflow-api:1373.v7b_813f10efa_b_->scm-api:704.v3ce5c542825a_) depends on structs:338.v848422169819, but there is an older version defined on the top level - structs:325.vcb_307d2a_2782,
Plugin kubernetes:4358.vcfd9c5a_0a_f51 (via workflow-durable-task-step:1434.v1b_595c29ddd7->workflow-support:968.v8f17397e87b_8) depends on script-security:1369.v9b_98a_4e95b_2d, but there is an older version defined on the top level - script-security:1333.v3e8a_eb_e38390,
Plugin kubernetes:4358.vcfd9c5a_0a_f51 (via credentials-binding:687.v619cb_15e923f->ssh-credentials:359.v2191c4cf635f) depends on credentials:1405.vb_cda_74a_f8974, but there is an older version defined on the top level - credentials:1311.vcf0a_5efa_294f,
Plugin workflow-aggregator:608.v67378e9d3db_1 (via pipeline-groovy-lib:752.vdddedf804e72) depends on script-security:1369.v9b_98a_4e95b_2d, but there is an older version defined on the top level - script-security:1333.v3e8a_eb_e38390,
Plugin workflow-aggregator:608.v67378e9d3db_1 (via pipeline-groovy-lib:752.vdddedf804e72) depends on structs:338.v848422169819, but there is an older version defined on the top level - structs:325.vcb_307d2a_2782,
Plugin workflow-aggregator:608.v67378e9d3db_1 (via workflow-basic-steps:1079.vce64b_a_929c5a_) depends on structs:338.v848422169819, but there is an older version defined on the top level - structs:325.vcb_307d2a_2782,
Plugin workflow-aggregator:608.v67378e9d3db_1 (via workflow-cps:4150.ve20ca_b_a_a_2815) depends on script-security:1373.vb_b_4a_a_c26fa_00, but there is an older version defined on the top level - script-security:1333.v3e8a_eb_e38390,
Plugin workflow-aggregator:608.v67378e9d3db_1 (via workflow-cps:4150.ve20ca_b_a_a_2815) depends on structs:343.vdcf37b_a_c81d5, but there is an older version defined on the top level - structs:325.vcb_307d2a_2782,
Plugin workflow-aggregator:608.v67378e9d3db_1 (via workflow-durable-task-step:1434.v1b_595c29ddd7) depends on script-security:1369.v9b_98a_4e95b_2d, but there is an older version defined on the top level - script-security:1333.v3e8a_eb_e38390,
Plugin workflow-aggregator:608.v67378e9d3db_1 (via workflow-durable-task-step:1434.v1b_595c29ddd7) depends on structs:338.v848422169819, but there is an older version defined on the top level - structs:325.vcb_307d2a_2782,
Plugin workflow-aggregator:608.v67378e9d3db_1 (via workflow-multibranch:806.vb_b_688f609ee9) depends on script-security:1369.v9b_98a_4e95b_2d, but there is an older version defined on the top level - script-security:1333.v3e8a_eb_e38390,
Plugin workflow-aggregator:608.v67378e9d3db_1 (via pipeline-build-step:571.v08a_fffd4b_0ce) depends on script-security:1369.v9b_98a_4e95b_2d, but there is an older version defined on the top level - script-security:1333.v3e8a_eb_e38390,
Plugin workflow-aggregator:608.v67378e9d3db_1 (via pipeline-build-step:571.v08a_fffd4b_0ce) depends on structs:338.v848422169819, but there is an older version defined on the top level - structs:325.vcb_307d2a_2782,
Plugin workflow-aggregator:608.v67378e9d3db_1 (via pipeline-input-step:527.vd61b_1d3c5078) depends on credentials:1405.vb_cda_74a_f8974, but there is an older version defined on the top level - credentials:1311.vcf0a_5efa_294f,
Plugin workflow-aggregator:608.v67378e9d3db_1 (via pipeline-input-step:527.vd61b_1d3c5078) depends on structs:338.v848422169819, but there is an older version defined on the top level - structs:325.vcb_307d2a_2782,
Plugin workflow-aggregator:608.v67378e9d3db_1 (via pipeline-model-definition:2.2255.v56a_15e805f12) depends on credentials:1408.va_622a_b_f5b_1b_1, but there is an older version defined on the top level - credentials:1311.vcf0a_5efa_294f,
Plugin workflow-aggregator:608.v67378e9d3db_1 (via pipeline-model-definition:2.2255.v56a_15e805f12) depends on structs:338.v848422169819, but there is an older version defined on the top level - structs:325.vcb_307d2a_2782,
Plugin workflow-aggregator:608.v67378e9d3db_1 (via pipeline-groovy-lib:752.vdddedf804e72->workflow-step-api:700.v6e45cb_a_5a_a_21) depends on structs:338.v848422169819, but there is an older version defined on the top level - structs:325.vcb_307d2a_2782,
Plugin workflow-aggregator:608.v67378e9d3db_1 (via pipeline-groovy-lib:752.vdddedf804e72->cloudbees-folder:6.1026.ve06dfa_cf31c3) depends on credentials:1405.vb_cda_74a_f8974, but there is an older version defined on the top level - credentials:1311.vcf0a_5efa_294f,
Plugin workflow-aggregator:608.v67378e9d3db_1 (via pipeline-groovy-lib:752.vdddedf804e72->scm-api:704.v3ce5c542825a_) depends on structs:338.v848422169819, but there is an older version defined on the top level - structs:325.vcb_307d2a_2782,
Plugin workflow-aggregator:608.v67378e9d3db_1 (via workflow-cps:4150.ve20ca_b_a_a_2815->workflow-support:968.v8f17397e87b_8) depends on script-security:1369.v9b_98a_4e95b_2d, but there is an older version defined on the top level - script-security:1333.v3e8a_eb_e38390,
Plugin workflow-aggregator:608.v67378e9d3db_1 (via pipeline-input-step:527.vd61b_1d3c5078->credentials:1405.vb_cda_74a_f8974) depends on structs:338.v848422169819, but there is an older version defined on the top level - structs:325.vcb_307d2a_2782,
Plugin workflow-aggregator:608.v67378e9d3db_1 (via pipeline-model-definition:2.2255.v56a_15e805f12->credentials-binding:687.v619cb_15e923f) depends on credentials:1381.v2c3a_12074da_b_, but there is an older version defined on the top level - credentials:1311.vcf0a_5efa_294f,
Plugin workflow-aggregator:608.v67378e9d3db_1 (via pipeline-model-definition:2.2255.v56a_15e805f12->credentials-binding:687.v619cb_15e923f) depends on structs:338.v848422169819, but there is an older version defined on the top level - structs:325.vcb_307d2a_2782,
Plugin workflow-aggregator:608.v67378e9d3db_1 (via pipeline-model-definition:2.2255.v56a_15e805f12->credentials:1408.va_622a_b_f5b_1b_1) depends on structs:338.v848422169819, but there is an older version defined on the top level - structs:325.vcb_307d2a_2782,
Plugin workflow-aggregator:608.v67378e9d3db_1 (via pipeline-model-definition:2.2255.v56a_15e805f12->pipeline-model-api:2.2255.v56a_15e805f12) depends on structs:338.v848422169819, but there is an older version defined on the top level - structs:325.vcb_307d2a_2782,
Plugin workflow-aggregator:608.v67378e9d3db_1 (via pipeline-model-definition:2.2255.v56a_15e805f12->pipeline-model-extensions:2.2255.v56a_15e805f12) depends on credentials:1408.va_622a_b_f5b_1b_1, but there is an older version defined on the top level - credentials:1311.vcf0a_5efa_294f,
Plugin workflow-aggregator:608.v67378e9d3db_1 (via pipeline-model-definition:2.2255.v56a_15e805f12->credentials-binding:687.v619cb_15e923f->plain-credentials:199.v9f8e1f741799) depends on credentials:1408.va_622a_b_f5b_1b_1, but there is an older version defined on the top level - credentials:1311.vcf0a_5efa_294f,
Plugin workflow-aggregator:608.v67378e9d3db_1 (via pipeline-model-definition:2.2255.v56a_15e805f12->credentials-binding:687.v619cb_15e923f->ssh-credentials:359.v2191c4cf635f) depends on credentials:1405.vb_cda_74a_f8974, but there is an older version defined on the top level - credentials:1311.vcf0a_5efa_294f,
Plugin git:5.7.0 depends on credentials:1405.vb_cda_74a_f8974, but there is an older version defined on the top level - credentials:1311.vcf0a_5efa_294f,
Plugin git:5.7.0 depends on script-security:1369.v9b_98a_4e95b_2d, but there is an older version defined on the top level - script-security:1333.v3e8a_eb_e38390,
Plugin git:5.7.0 depends on structs:338.v848422169819, but there is an older version defined on the top level - structs:325.vcb_307d2a_2782,
Plugin git:5.7.0 (via workflow-step-api:700.v6e45cb_a_5a_a_21) depends on structs:338.v848422169819, but there is an older version defined on the top level - structs:325.vcb_307d2a_2782,
Plugin git:5.7.0 (via credentials-binding:687.v619cb_15e923f) depends on credentials:1381.v2c3a_12074da_b_, but there is an older version defined on the top level - credentials:1311.vcf0a_5efa_294f,
Plugin git:5.7.0 (via credentials-binding:687.v619cb_15e923f) depends on structs:338.v848422169819, but there is an older version defined on the top level - structs:325.vcb_307d2a_2782,
Plugin git:5.7.0 (via credentials:1405.vb_cda_74a_f8974) depends on structs:338.v848422169819, but there is an older version defined on the top level - structs:325.vcb_307d2a_2782,
Plugin git:5.7.0 (via git-client:6.2.0) depends on credentials:1415.v831096eb_5534, but there is an older version defined on the top level - credentials:1311.vcf0a_5efa_294f,
Plugin git:5.7.0 (via git-client:6.2.0) depends on script-security:1373.vb_b_4a_a_c26fa_00, but there is an older version defined on the top level - script-security:1333.v3e8a_eb_e38390,
Plugin git:5.7.0 (via git-client:6.2.0) depends on structs:350.v3b_30f09f2363, but there is an older version defined on the top level - structs:325.vcb_307d2a_2782,
Plugin git:5.7.0 (via scm-api:704.v3ce5c542825a_) depends on structs:338.v848422169819, but there is an older version defined on the top level - structs:325.vcb_307d2a_2782,
Plugin git:5.7.0 (via ssh-credentials:359.v2191c4cf635f) depends on credentials:1405.vb_cda_74a_f8974, but there is an older version defined on the top level - credentials:1311.vcf0a_5efa_294f,
Plugin git:5.7.0 (via credentials-binding:687.v619cb_15e923f->plain-credentials:199.v9f8e1f741799) depends on credentials:1408.va_622a_b_f5b_1b_1, but there is an older version defined on the top level - credentials:1311.vcf0a_5efa_294f,
Plugin git:5.7.0 (via git-client:6.2.0->credentials:1415.v831096eb_5534) depends on structs:338.v848422169819, but there is an older version defined on the top level - structs:325.vcb_307d2a_2782,
Plugin configuration-as-code:1971.vf9280461ea_89 (via prism-api:1.30.0-1->plugin-util-api:6.1.0->workflow-step-api:700.v6e45cb_a_5a_a_21) depends on structs:338.v848422169819, but there is an older version defined on the top level - structs:325.vcb_307d2a_2782,
Plugin configuration-as-code:1971.vf9280461ea_89 (via prism-api:1.30.0-1->plugin-util-api:6.1.0->workflow-support:968.v8f17397e87b_8) depends on script-security:1369.v9b_98a_4e95b_2d, but there is an older version defined on the top level - script-security:1333.v3e8a_eb_e38390,
Plugin configuration-as-code:1971.vf9280461ea_89 (via prism-api:1.30.0-1->plugin-util-api:6.1.0->workflow-api:1373.v7b_813f10efa_b_->scm-api:704.v3ce5c542825a_) depends on structs:338.v848422169819, but there is an older version defined on the top level - structs:325.vcb_307d2a_2782,
Plugin credentials:1311.vcf0a_5efa_294f has unresolvable dependencies: Unable to resolve dependencies for credentials,
Plugin job-dsl:1.81 (via cloudbees-folder:6.1026.ve06dfa_cf31c3) depends on credentials:1405.vb_cda_74a_f8974, but there is an older version defined on the top level - credentials:1311.vcf0a_5efa_294f,
Plugin job-dsl:1.81 (via branch-api:2.1226.ve1e7e0b_4b_95f->scm-api:704.v3ce5c542825a_) depends on structs:338.v848422169819, but there is an older version defined on the top level - structs:325.vcb_307d2a_2782,
Plugin script-security:1333.v3e8a_eb_e38390 has unresolvable dependencies: Unable to resolve dependencies for script-security